,z,cluster
51741,1,0
62945,1,0
24816,0,0
55220,1,0
2392,0,0
39227,0,0
62938,1,0
28644,0,0
21691,0,0
57067,1,0
59509,1,0
41936,1,0
66165,1,0
41710,1,0
3551,0,0
24927,0,0
8422,0,0
539,0,0
7218,0,0
50781,1,0
59572,1,0
76962,1,0
66716,1,0
4665,0,0
27673,0,0
53818,1,0
64304,1,0
11084,0,0
67084,1,0
24692,0,0
77418,1,0
61844,1,0
63545,1,0
7697,0,0
28474,0,0
42081,1,0
52046,1,0
27063,0,0
54354,1,0
55169,1,0
23839,0,0
3834,0,0
7792,0,0
17174,0,0
58115,1,0
43025,1,0
16846,0,0
77325,1,0
59141,1,0
78083,1,0
4994,0,0
61918,1,0
9616,0,0
4650,0,0
25265,0,0
75144,1,0
58869,1,0
17037,0,0
25354,0,0
25891,0,0
22978,0,0
41639,1,0
23098,0,0
53183,1,0
468,0,0
63707,1,0
67236,1,0
8917,0,0
25227,0,0
56817,1,0
74777,1,0
16860,0,0
8618,0,0
4298,0,0
54049,1,0
41637,1,0
453,0,0
44933,1,0
67858,1,0
43698,1,0
77217,1,0
52816,1,0
75068,1,0
7847,0,0
28910,0,0
58271,1,0
11466,0,0
27249,0,0
1038,0,0
77810,1,0
65836,1,0
27256,0,0
62315,1,0
60890,1,0
69167,1,0
9438,0,0
57330,1,0
3646,0,0
40412,1,0
63073,1,0
61636,1,0
41269,1,0
74703,1,0
42213,1,0
49826,1,0
6597,0,0
28686,0,0
55689,1,0
51882,1,0
29537,0,0
68863,1,0
461,0,0
3159,0,0
21149,0,0
55461,1,0
50885,1,0
62235,1,0
1650,0,0
76140,1,0
22656,0,0
26060,0,0
78564,1,0
62186,1,0
55695,1,0
50376,1,0
75303,1,0
6938,0,0
52732,1,0
51159,1,0
22332,0,0
58570,1,0
39224,0,0
62893,1,0
66905,1,0
63511,1,0
31514,0,0
61539,1,0
62650,1,0
25100,0,0
50723,1,0
51658,1,0
16928,0,0
2265,0,0
74992,1,0
68031,1,0
51736,1,0
1678,0,0
63891,1,0
43786,1,0
60852,1,0
69914,1,0
69981,1,0
9214,0,0
77930,1,0
6100,0,0
29299,0,0
78382,1,0
21967,0,0
57488,1,0
22291,0,0
41305,1,0
78597,1,0
2919,0,0
77092,1,0
24896,0,0
24846,0,0
73809,1,0
58360,1,0
7879,0,0
53836,1,0
25387,0,0
42878,1,0
64367,1,0
64039,1,0
39361,0,0
57965,1,0
28410,0,0
74257,1,0
4375,0,0
249,0,0
25618,0,0
51690,1,0
16976,0,0
862,0,0
27281,0,0
74488,1,0
11555,0,0
21340,0,0
50570,1,0
69658,1,0
60972,1,0
55645,1,0
64931,1,0
27530,0,0
4480,0,0
56220,1,0
75033,1,0
8118,0,0
22173,0,0
29020,0,0
22742,0,0
53571,1,0
66985,1,0
1375,0,0
23842,0,0
2149,0,0
65889,1,0
10372,0,0
9730,0,0
43162,1,0
28268,0,0
69966,1,0
66254,1,0
42574,1,0
28746,0,0
58776,1,0
68730,1,0
67974,1,0
21100,0,0
63838,1,0
8033,0,0
27439,0,0
55098,1,0
21855,0,0
52680,1,0
39379,0,0
8710,0,0
54052,1,0
4777,0,0
56105,1,0
55228,1,0
4995,0,0
50983,1,0
41488,1,0
24339,0,0
28949,0,0
28157,0,0
41872,1,0
53561,1,0
3497,0,0
53842,1,0
41165,1,0
62245,1,0
7063,0,0
60459,1,0
39292,0,0
27239,0,0
61114,1,0
52220,1,0
9651,0,0
29617,0,0
8077,0,0
42049,1,0
77943,1,0
42540,1,0
66068,1,0
58681,1,0
52260,1,0
2106,0,0
69079,1,0
22150,0,0
69498,1,0
60258,1,0
77988,1,0
57896,1,0
54562,1,0
69189,1,0
78602,1,0
63916,1,0
65060,1,0
38998,0,0
27586,0,0
53506,1,0
44690,1,0
21381,0,0
42392,1,0
53270,1,0
69657,1,0
27230,0,0
22394,0,0
58319,1,0
22106,0,0
5059,0,0
27654,0,0
8502,0,0
4522,0,0
25919,0,0
24252,0,0
24907,0,0
2644,0,0
73515,1,0
29579,0,0
57938,1,0
25795,0,0
56728,1,0
22861,0,0
53791,1,0
61657,1,0
10844,0,0
40376,1,0
10890,0,0
22203,0,0
59188,1,0
54473,1,0
62347,1,0
21644,0,0
8972,0,0
22204,0,0
25259,0,0
65675,1,0
58850,1,0
4980,0,0
9148,0,0
55270,1,0
41869,1,0
62317,1,0
8042,0,0
8589,0,0
43602,1,0
56858,1,0
75097,1,0
62641,1,0
39939,0,0
39955,0,0
62616,1,0
27564,0,0
2762,0,0
77264,1,0
8226,0,0
74735,1,0
25172,0,0
23014,0,0
51829,1,0
79961,1,0
6575,0,0
52139,1,0
50353,1,0
64717,1,0
63549,1,0
11767,0,0
2372,0,0
52386,1,0
38996,0,0
25626,0,0
11906,0,0
78129,1,0
66721,1,0
24302,0,0
59037,1,0
57456,1,0
246,0,0
60756,1,0
64648,1,0
58222,1,0
25991,0,0
29819,0,0
39696,0,0
68248,1,0
27884,0,0
77323,1,0
9316,0,0
21607,0,0
51318,1,0
9182,0,0
51673,1,0
9673,0,0
59169,1,0
51834,1,0
62043,1,0
61167,1,0
27170,0,0
52620,1,0
44795,1,0
9037,0,0
51843,1,0
35947,0,0
65000,1,0
59725,1,0
58080,1,0
59863,1,0
44729,1,0
77009,1,0
44668,1,0
65757,1,0
62094,1,0
65415,1,0
5005,0,0
38444,0,0
42621,1,0
22017,0,0
42328,1,0
52211,1,0
26387,0,0
74023,1,0
39971,0,0
53782,1,0
66120,1,0
24891,0,0
62111,1,0
8820,0,0
54918,1,0
62728,1,0
17221,0,0
58510,1,0
74173,1,0
26045,0,0
75286,1,0
59277,1,0
24676,0,0
67690,1,0
43880,1,0
11959,0,0
2162,0,0
8871,0,0
4243,0,0
67935,1,0
43441,1,0
23818,0,0
25004,0,0
63311,1,0
6685,0,0
23282,0,0
24929,0,0
8879,0,0
50390,1,0
68782,1,0
55678,1,0
21404,0,0
54216,1,0
39476,0,0
59930,1,0
29543,0,0
63202,1,0
11950,0,0
55860,1,0
78576,1,0
65377,1,0
78697,1,0
74258,1,0
4300,0,0
59922,1,0
25377,0,0
51567,1,0
62469,1,0
53437,1,0
63279,1,0
62487,1,0
50820,1,0
42816,1,0
67120,1,0
51319,1,0
8124,0,0
56789,1,0
53604,1,0
7134,0,0
55769,1,0
78087,1,0
65558,1,0
75147,1,0
54618,1,0
42498,1,0
66691,1,0
22011,0,0
55502,1,0
50665,1,0
61168,1,0
39833,0,0
4635,0,0
2727,0,0
65004,1,0
9450,0,0
21593,0,0
65188,1,0
75248,1,0
26502,0,0
24566,0,0
28049,0,0
2554,0,0
56306,1,0
66290,1,0
57733,1,0
8507,0,0
53055,1,0
2376,0,0
64607,1,0
54714,1,0
57856,1,0
11016,0,0
25900,0,0
59888,1,0
28496,0,0
29047,0,0
67493,1,0
29935,0,0
24824,0,0
60523,1,0
10591,0,0
29236,0,0
9500,0,0
66026,1,0
22605,0,0
63867,1,0
50996,1,0
7789,0,0
10753,0,0
51875,1,0
10704,0,0
16993,0,0
21727,0,0
51424,1,0
66243,1,0
29912,0,0
68969,1,0
23296,0,0
65612,1,0
74273,1,0
56223,1,0
4566,0,0
6432,0,0
41296,1,0
63413,1,0
17044,0,0
20989,0,0
27577,0,0
62628,1,0
59519,1,0
2892,0,0
22996,0,0
41806,1,0
54306,1,0
6934,0,0
58550,1,0
54561,1,0
28548,0,0
22336,0,0
28819,0,0
67803,1,0
67776,1,0
69512,1,0
69716,1,0
61028,1,0
8404,0,0
52706,1,0
65363,1,0
9482,0,0
53533,1,0
8835,0,0
24950,0,0
69746,1,0
11432,0,0
3110,0,0
63617,1,0
42006,1,0
69812,1,0
49449,1,0
3894,0,0
21973,0,0
286,0,0
24717,0,0
64436,1,0
39179,0,0
22419,0,0
68651,1,0
66639,1,0
66297,1,0
3985,0,0
25426,0,0
53151,1,0
28513,0,0
62750,1,0
23613,0,0
63922,1,0
4337,0,0
50683,1,0
68179,1,0
74117,1,0
68929,1,0
10533,0,0
65198,1,0
74039,1,0
29293,0,0
28396,0,0
55280,1,0
4758,0,0
20390,0,0
2992,0,0
1045,0,0
67952,1,0
39570,0,0
43827,1,0
62230,1,0
60395,1,0
76995,1,0
4706,0,0
69848,1,0
52504,1,0
10485,0,0
39023,0,0
69593,1,0
74641,1,0
58874,1,0
53050,1,0
58878,1,0
2486,0,0
25150,0,0
51116,1,0
24323,0,0
53233,1,0
77135,1,0
51224,1,0
65821,1,0
65776,1,0
60689,1,0
27079,0,0
55189,1,0
57719,1,0
59848,1,0
67963,1,0
60862,1,0
69916,1,0
68149,1,0
65891,1,0
28231,0,0
8332,0,0
58467,1,0
74932,1,0
57930,1,0
23047,0,0
8215,0,0
64598,1,0
59772,1,0
195,0,0
66090,1,0
23709,0,0
77028,1,0
11770,0,0
78340,1,0
66027,1,0
64068,1,0
52478,1,0
51198,1,0
43586,1,0
7665,0,0
61948,1,0
68974,1,0
5007,0,0
62123,1,0
69262,1,0
67848,1,0
78487,1,0
42566,1,0
78338,1,0
78347,1,0
55019,1,0
57617,1,0
389,0,0
62802,1,0
59807,1,0
6117,0,0
8681,0,0
6702,0,0
55638,1,0
11267,0,0
74044,1,0
1253,0,0
62146,1,0
56478,1,0
60447,1,0
65042,1,0
90,0,0
10914,0,0
57015,1,0
51725,1,0
62777,1,0
58153,1,0
61757,1,0
53279,1,0
59485,1,0
28025,0,0
63181,1,0
21836,0,0
57878,1,0
24039,0,0
68401,1,0
21130,0,0
57694,1,0
21322,0,0
77880,1,0
56883,1,0
4446,0,0
6608,0,0
21263,0,0
11603,0,0
78118,1,0
38488,0,0
63281,1,0
26015,0,0
51380,1,0
9746,0,0
9577,0,0
73720,1,0
25460,0,0
53835,1,0
187,0,0
4440,0,0
23877,0,0
66439,1,0
39164,0,0
53132,1,0
64778,1,0
53589,1,0
6767,0,0
61747,1,0
23228,0,0
26028,0,0
43313,1,0
61451,1,0
58865,1,0
11062,0,0
68359,1,0
54970,1,0
4578,0,0
10646,0,0
69929,1,0
63957,1,0
68388,1,0
60509,1,0
53622,1,0
41010,1,0
29544,0,0
4674,0,0
42462,1,0
9636,0,0
28362,0,0
54010,1,0
58188,1,0
78082,1,0
25639,0,0
22942,0,0
77636,1,0
41082,1,0
3511,0,0
25625,0,0
9463,0,0
21974,0,0
69317,1,0
77202,1,0
4501,0,0
27293,0,0
27563,0,0
59595,1,0
39639,0,0
74309,1,0
11226,0,0
11203,0,0
39909,0,0
52133,1,0
8072,0,0
54348,1,0
40784,1,0
58045,1,0
24399,0,0
43509,1,0
52319,1,0
141,0,0
20881,0,0
38465,0,0
27957,0,0
22705,0,0
27583,0,0
39517,0,0
74422,1,0
66122,1,0
51152,1,0
67108,1,0
10741,0,0
39990,0,0
17158,0,0
25537,0,0
75038,1,0
10595,0,0
7207,0,0
41753,1,0
51139,1,0
13253,0,0
65477,1,0
41285,1,0
2634,0,0
53377,1,0
54359,1,0
22307,0,0
10856,0,0
709,0,0
65025,1,0
21493,0,0
41983,1,0
53753,1,0
55470,1,0
75337,1,0
20938,0,0
59971,1,0
56247,1,0
50924,1,0
58770,1,0
3973,0,0
6049,0,0
57808,1,0
29279,0,0
25818,0,0
53743,1,0
7780,0,0
65089,1,0
68317,1,0
51747,1,0
28505,0,0
4327,0,0
23478,0,0
21205,0,0
375,0,0
42157,1,0
3900,0,0
65317,1,0
55606,1,0
57248,1,0
11196,0,0
65475,1,0
1480,0,0
61231,1,0
39761,0,0
9905,0,0
2135,0,0
2177,0,0
60896,1,0
68891,1,0
67581,1,0
64747,1,0
77074,1,0
3994,0,0
42881,1,0
61958,1,0
57921,1,0
75228,1,0
52295,1,0
68604,1,0
3774,0,0
56291,1,0
55753,1,0
42860,1,0
57506,1,0
979,0,0
78656,1,0
11947,0,0
28133,0,0
57728,1,0
9187,0,0
5539,0,0
26118,0,0
42019,1,0
69442,1,0
67558,1,0
60719,1,0
57349,1,0
67703,1,0
62009,1,0
28016,0,0
1390,0,0
65107,1,0
50748,1,0
11995,0,0
78660,1,0
3444,0,0
58338,1,0
75447,1,0
64508,1,0
6491,0,0
58664,1,0
60822,1,0
29191,0,0
39374,0,0
65872,1,0
66651,1,0
29302,0,0
50937,1,0
23829,0,0
2074,0,0
77360,1,0
74839,1,0
56213,1,0
53076,1,0
62963,1,0
56781,1,0
62101,1,0
68541,1,0
39333,0,0
42715,1,0
62480,1,0
65730,1,0
55268,1,0
9292,0,0
53651,1,0
74887,1,0
63251,1,0
21581,0,0
67140,1,0
29898,0,0
24432,0,0
67693,1,0
53008,1,0
73065,1,0
51016,1,0
58418,1,0
60968,1,0
10749,0,0
65640,1,0
1215,0,0
41186,1,0
21547,0,0
69129,1,0
10793,0,0
59672,1,0
51182,1,0
67114,1,0
60365,1,0
69863,1,0
63063,1,0
38476,0,0
28183,0,0
58229,1,0
42070,1,0
2629,0,0
62838,1,0
9164,0,0
56831,1,0
42210,1,0
24795,0,0
64552,1,0
53229,1,0
42437,1,0
54149,1,0
57155,1,0
2314,0,0
9475,0,0
51603,1,0
62000,1,0
436,0,0
73798,1,0
635,0,0
59131,1,0
66807,1,0
62673,1,0
43639,1,0
77498,1,0
7835,0,0
64646,1,0
63861,1,0
23197,0,0
66697,1,0
10959,0,0
74776,1,0
3538,0,0
4692,0,0
42889,1,0
55858,1,0
52715,1,0
43217,1,0
29391,0,0
10825,0,0
67687,1,0
41712,1,0
68114,1,0
9033,0,0
75115,1,0
51473,1,0
51201,1,0
22192,0,0
64667,1,0
57757,1,0
53283,1,0
66456,1,0
29516,0,0
3066,0,0
6374,0,0
4109,0,0
1492,0,0
60901,1,0
41141,1,0
54996,1,0
940,0,0
54395,1,0
53431,1,0
9265,0,0
8325,0,0
22662,0,0
25848,0,0
59126,1,0
29705,0,0
28134,0,0
65925,1,0
63556,1,0
53672,1,0
43224,1,0
39366,0,0
893,0,0
54990,1,0
22911,0,0
57732,1,0
55758,1,0
75387,1,0
68735,1,0
609,0,0
69121,1,0
41706,1,0
26010,0,0
41676,1,0
24231,0,0
63950,1,0
23663,0,0
40918,1,0
23470,0,0
51242,1,0
7804,0,0
54464,1,0
57180,1,0
9128,0,0
68721,1,0
78693,1,0
21426,0,0
78478,1,0
62931,1,0
55946,1,0
68955,1,0
74812,1,0
8788,0,0
16926,0,0
58875,1,0
54828,1,0
76238,1,0
41850,1,0
39779,0,0
9307,0,0
66660,1,0
60496,1,0
66644,1,0
57616,1,0
53926,1,0
68096,1,0
41731,1,0
51557,1,0
43203,1,0
39742,0,0
51054,1,0
27633,0,0
69296,1,0
58354,1,0
57199,1,0
6640,0,0
22824,0,0
10934,0,0
42264,1,0
43410,1,0
25619,0,0
21037,0,0
4675,0,0
69405,1,0
12100,0,0
63994,1,0
24519,0,0
53487,1,0
28950,0,0
67004,1,0
61274,1,0
43603,1,0
58635,1,0
23537,0,0
39872,0,0
12219,0,0
56975,1,0
119,0,0
2704,0,0
23120,0,0
53586,1,0
51015,1,0
54599,1,0
43427,1,0
69424,1,0
27745,0,0
59413,1,0
56094,1,0
25108,0,0
55187,1,0
50717,1,0
42356,1,0
69861,1,0
66860,1,0
53219,1,0
20925,0,0
39561,0,0
54062,1,0
78055,1,0
2746,0,0
28322,0,0
40978,1,0
78796,1,0
51150,1,0
74227,1,0
4586,0,0
68525,1,0
65854,1,0
27629,0,0
65721,1,0
51930,1,0
28758,0,0
55797,1,0
56273,1,0
55783,1,0
27994,0,0
54257,1,0
44208,1,0
67164,1,0
28602,0,0
25397,0,0
23440,0,0
1756,0,0
57244,1,0
40715,1,0
11944,0,0
60324,1,0
67999,1,0
9802,0,0
41769,1,0
52888,1,0
67476,1,0
2357,0,0
40713,1,0
17237,0,0
595,0,0
52312,1,0
9596,0,0
11012,0,0
53858,1,0
8769,0,0
23599,0,0
64485,1,0
25357,0,0
25331,0,0
49216,1,0
61024,1,0
75022,1,0
75531,1,0
66686,1,0
66967,1,0
63959,1,0
23589,0,0
28781,0,0
3821,0,0
58316,1,0
24823,0,0
51472,1,0
65492,1,0
57066,1,0
52961,1,0
53741,1,0
59895,1,0
21093,0,0
3879,0,0
56304,1,0
28467,0,0
68837,1,0
22384,0,0
41215,1,0
51477,1,0
4910,0,0
42570,1,0
69619,1,0
25781,0,0
73995,1,0
26996,0,0
27318,0,0
20857,0,0
24604,0,0
63144,1,0
56142,1,0
8491,0,0
62444,1,0
4483,0,0
53155,1,0
7916,0,0
57489,1,0
77916,1,0
24365,0,0
77363,1,0
23559,0,0
4862,0,0
9725,0,0
11352,0,0
39488,0,0
11849,0,0
69762,1,0
63466,1,0
27036,0,0
28208,0,0
23418,0,0
77500,1,0
68522,1,0
24213,0,0
55662,1,0
42509,1,0
62337,1,0
62099,1,0
11911,0,0
6887,0,0
69038,1,0
50580,1,0
52904,1,0
6700,0,0
6871,0,0
73876,1,0
4048,0,0
62640,1,0
25285,0,0
44733,1,0
62372,1,0
1339,0,0
63730,1,0
27029,0,0
29019,0,0
53531,1,0
60606,1,0
76143,1,0
28690,0,0
52882,1,0
10593,0,0
2173,0,0
58934,1,0
21472,0,0
54198,1,0
74690,1,0
43558,1,0
59502,1,0
42544,1,0
6346,0,0
60788,1,0
62208,1,0
52291,1,0
60521,1,0
29719,0,0
10580,0,0
69875,1,0
25288,0,0
22565,0,0
11985,0,0
51958,1,0
44833,1,0
24337,0,0
22383,0,0
22548,0,0
77304,1,0
9357,0,0
69514,1,0
20822,0,0
56163,1,0
8538,0,0
2115,0,0
59130,1,0
10507,0,0
22381,0,0
6481,0,0
42508,1,0
4202,0,0
57119,1,0
77283,1,0
58072,1,0
10681,0,0
51653,1,0
74090,1,0
4278,0,0
39559,0,0
17257,0,0
67260,1,0
57717,1,0
21012,0,0
22862,0,0
43336,1,0
26169,0,0
25575,0,0
56836,1,0
63670,1,0
4662,0,0
74581,1,0
52563,1,0
23791,0,0
24263,0,0
65750,1,0
8140,0,0
21869,0,0
8261,0,0
56944,1,0
59611,1,0
3645,0,0
3915,0,0
6103,0,0
51973,1,0
24322,0,0
21004,0,0
66058,1,0
11288,0,0
12133,0,0
24644,0,0
27999,0,0
39317,0,0
55511,1,0
41253,1,0
28960,0,0
52256,1,0
53503,1,0
66249,1,0
24092,0,0
64583,1,0
57575,1,0
24617,0,0
26082,0,0
27985,0,0
29280,0,0
20991,0,0
66444,1,0
29153,0,0
24626,0,0
54989,1,0
56966,1,0
55827,1,0
74783,1,0
23453,0,0
64037,1,0
53032,1,0
41668,1,0
53596,1,0
52372,1,0
65119,1,0
2512,0,0
8496,0,0
77131,1,0
40381,1,0
6066,0,0
29681,0,0
9312,0,0
41020,1,0
2439,0,0
28154,0,0
11166,0,0
65012,1,0
65403,1,0
22281,0,0
23300,0,0
25500,0,0
56005,1,0
8653,0,0
4332,0,0
21262,0,0
27533,0,0
51984,1,0
44008,1,0
3001,0,0
53398,1,0
69174,1,0
39753,0,0
50592,1,0
68257,1,0
43445,1,0
29318,0,0
2183,0,0
57235,1,0
41343,1,0
57762,1,0
74024,1,0
10730,0,0
23811,0,0
23233,0,0
59162,1,0
21318,0,0
52171,1,0
62161,1,0
22847,0,0
41581,1,0
60498,1,0
52088,1,0
77167,1,0
26666,0,0
57004,1,0
43523,1,0
55937,1,0
68328,1,0
59847,1,0
3183,0,0
3943,0,0
986,0,0
75269,1,0
62419,1,0
41680,1,0
55740,1,0
52617,1,0
28838,0,0
22995,0,0
52981,1,0
2047,0,0
60727,1,0
69642,1,0
66423,1,0
7086,0,0
23756,0,0
67860,1,0
68977,1,0
51503,1,0
42334,1,0
78507,1,0
57814,1,0
56340,1,0
61933,1,0
24403,0,0
60396,1,0
66799,1,0
9753,0,0
12228,0,0
41313,1,0
10411,0,0
6663,0,0
7213,0,0
67205,1,0
41570,1,0
51722,1,0
55958,1,0
43367,1,0
1728,0,0
41566,1,0
74045,1,0
62439,1,0
7779,0,0
50601,1,0
52539,1,0
23396,0,0
57033,1,0
63814,1,0
23505,0,0
62454,1,0
31488,0,0
27768,0,0
8184,0,0
63601,1,0
2993,0,0
28230,0,0
3148,0,0
58150,1,0
9681,0,0
38456,0,0
60992,1,0
10644,0,0
28759,0,0
65915,1,0
26515,0,0
69602,1,0
61230,1,0
7089,0,0
39744,0,0
43090,1,0
8040,0,0
73867,1,0
43939,1,0
43157,1,0
2220,0,0
67798,1,0
42596,1,0
6067,0,0
58052,1,0
21289,0,0
69669,1,0
26196,0,0
56134,1,0
62108,1,0
42607,1,0
74633,1,0
61064,1,0
9872,0,0
55610,1,0
22297,0,0
53508,1,0
65047,1,0
8135,0,0
68198,1,0
29580,0,0
9331,0,0
11982,0,0
8814,0,0
68455,1,0
42712,1,0
28592,0,0
23051,0,0
23780,0,0
11716,0,0
22421,0,0
11521,0,0
67747,1,0
56448,1,0
52927,1,0
61546,1,0
53856,1,0
22289,0,0
67274,1,0
51889,1,0
50801,1,0
57177,1,0
44827,1,0
26734,0,0
1958,0,0
4170,0,0
28491,0,0
67020,1,0
66961,1,0
3171,0,0
6567,0,0
22283,0,0
6668,0,0
68647,1,0
3786,0,0
51317,1,0
52430,1,0
3768,0,0
77861,1,0
27042,0,0
21564,0,0
73835,1,0
60708,1,0
44163,1,0
74844,1,0
1518,0,0
9835,0,0
53074,1,0
41220,1,0
63221,1,0
26445,0,0
9360,0,0
12126,0,0
66258,1,0
29507,0,0
60778,1,0
61895,1,0
29268,0,0
25896,0,0
28840,0,0
8754,0,0
50909,1,0
44698,1,0
54758,1,0
55209,1,0
227,0,0
60821,1,0
66471,1,0
65106,1,0
29901,0,0
27613,0,0
8580,0,0
64706,1,0
53046,1,0
75136,1,0
2989,0,0
22090,0,0
29867,0,0
2223,0,0
69991,1,0
3769,0,0
66570,1,0
55951,1,0
23176,0,0
74850,1,0
78235,1,0
24494,0,0
11988,0,0
2286,0,0
65583,1,0
77480,1,0
4234,0,0
49263,1,0
4547,0,0
10643,0,0
28865,0,0
60652,1,0
10361,0,0
713,0,0
6089,0,0
25088,0,0
17036,0,0
17071,0,0
4090,0,0
2601,0,0
74672,1,0
8704,0,0
54383,1,0
43890,1,0
61929,1,0
26447,0,0
25531,0,0
52342,1,0
53051,1,0
51402,1,0
51896,1,0
66622,1,0
74827,1,0
39389,0,0
58814,1,0
57593,1,0
65314,1,0
28175,0,0
51906,1,0
77787,1,0
59490,1,0
21276,0,0
43808,1,0
74892,1,0
21935,0,0
25099,0,0
42989,1,0
8103,0,0
44045,1,0
61145,1,0
52054,1,0
66796,1,0
3785,0,0
25830,0,0
23168,0,0
62799,1,0
27143,0,0
49883,1,0
50856,1,0
44703,1,0
22098,0,0
27682,0,0
21408,0,0
63840,1,0
55460,1,0
69082,1,0
645,0,0
62782,1,0
23207,0,0
3290,0,0
63815,1,0
60960,1,0
4415,0,0
60597,1,0
27469,0,0
39049,0,0
2695,0,0
78608,1,0
53804,1,0
67786,1,0
26649,0,0
65678,1,0
69541,1,0
77601,1,0
10889,0,0
8922,0,0
67344,1,0
78107,1,0
63142,1,0
66765,1,0
60502,1,0
50989,1,0
1568,0,0
54455,1,0
67379,1,0
77259,1,0
12080,0,0
75122,1,0
66106,1,0
61245,1,0
57042,1,0
44192,1,0
68683,1,0
74522,1,0
55658,1,0
23354,0,0
68395,1,0
52815,1,0
57853,1,0
66804,1,0
44674,1,0
69040,1,0
43505,1,0
44021,1,0
57927,1,0
53030,1,0
3549,0,0
44086,1,0
22054,0,0
27620,0,0
25134,0,0
42568,1,0
52583,1,0
68010,1,0
66198,1,0
313,0,0
26104,0,0
63423,1,0
24356,0,0
74447,1,0
49893,1,0
8826,0,0
53308,1,0
75119,1,0
65882,1,0
45480,1,0
9925,0,0
59704,1,0
2630,0,0
43965,1,0
43477,1,0
37331,0,0
16866,0,0
65075,1,0
58472,1,0
42466,1,0
53537,1,0
41563,1,0
21583,0,0
28392,0,0
40734,1,0
39625,0,0
22855,0,0
8262,0,0
3074,0,0
51355,1,0
55823,1,0
65264,1,0
67214,1,0
12166,0,0
59013,1,0
57973,1,0
77550,1,0
61483,1,0
28479,0,0
43006,1,0
28817,0,0
27925,0,0
55457,1,0
2964,0,0
75429,1,0
58096,1,0
60647,1,0
69811,1,0
52629,1,0
65799,1,0
20425,0,0
67294,1,0
25151,0,0
2231,0,0
51009,1,0
1482,0,0
76975,1,0
6107,0,0
51995,1,0
4358,0,0
42779,1,0
78671,1,0
43304,1,0
60806,1,0
23863,0,0
78477,1,0
49884,1,0
515,0,0
67573,1,0
2840,0,0
8298,0,0
59459,1,0
78010,1,0
51110,1,0
2023,0,0
24503,0,0
27209,0,0
24080,0,0
7803,0,0
21692,0,0
56677,1,0
57121,1,0
68406,1,0
67865,1,0
2332,0,0
77226,1,0
8446,0,0
8011,0,0
22483,0,0
4986,0,0
68161,1,0
22584,0,0
77614,1,0
23203,0,0
63206,1,0
39845,0,0
69336,1,0
67181,1,0
17077,0,0
41667,1,0
25276,0,0
66679,1,0
28925,0,0
11734,0,0
65741,1,0
63417,1,0
10960,0,0
77645,1,0
53755,1,0
42655,1,0
64708,1,0
63258,1,0
65323,1,0
54854,1,0
78350,1,0
53918,1,0
61080,1,0
78366,1,0
51449,1,0
68131,1,0
29575,0,0
65423,1,0
59674,1,0
50720,1,0
78014,1,0
10814,0,0
74307,1,0
43695,1,0
56460,1,0
8648,0,0
54304,1,0
59184,1,0
41943,1,0
9598,0,0
7022,0,0
24980,0,0
2555,0,0
54557,1,0
50439,1,0
62280,1,0
42191,1,0
56000,1,0
28158,0,0
57635,1,0
26819,0,0
21010,0,0
8950,0,0
60882,1,0
57855,1,0
7818,0,0
78650,1,0
41078,1,0
62649,1,0
56764,1,0
29365,0,0
66353,1,0
78034,1,0
361,0,0
58466,1,0
27312,0,0
67139,1,0
633,0,0
56339,1,0
24223,0,0
21870,0,0
65568,1,0
1487,0,0
29162,0,0
23870,0,0
2423,0,0
24241,0,0
10285,0,0
204,0,0
59673,1,0
9245,0,0
56857,1,0
29871,0,0
49451,1,0
11668,0,0
12064,0,0
3296,0,0
64574,1,0
4605,0,0
53272,1,0
76396,1,0
41880,1,0
58579,1,0
78532,1,0
3947,0,0
9239,0,0
63278,1,0
10739,0,0
57005,1,0
65365,1,0
41757,1,0
77776,1,0
2838,0,0
69632,1,0
10435,0,0
66674,1,0
2841,0,0
62791,1,0
28288,0,0
63918,1,0
8542,0,0
55250,1,0
22431,0,0
54215,1,0
76522,1,0
21164,0,0
55235,1,0
49837,1,0
62455,1,0
57912,1,0
75987,1,0
55709,1,0
55330,1,0
52623,1,0
55164,1,0
4215,0,0
40790,1,0
25202,0,0
4878,0,0
11500,0,0
56795,1,0
62952,1,0
41159,1,0
2465,0,0
7719,0,0
8381,0,0
56106,1,0
69345,1,0
66286,1,0
78422,1,0
21191,0,0
43984,1,0
10811,0,0
69886,1,0
22388,0,0
58427,1,0
51580,1,0
53004,1,0
53732,1,0
8248,0,0
42688,1,0
69089,1,0
24932,0,0
39511,0,0
75130,1,0
55286,1,0
64521,1,0
8978,0,0
63494,1,0
57622,1,0
74620,1,0
76159,1,0
12160,0,0
24093,0,0
67928,1,0
57463,1,0
68897,1,0
42141,1,0
52881,1,0
52479,1,0
73104,1,0
24187,0,0
4523,0,0
69164,1,0
56753,1,0
24668,0,0
28889,0,0
74840,1,0
60632,1,0
78547,1,0
50783,1,0
64588,1,0
41797,1,0
27639,0,0
42152,1,0
10897,0,0
69235,1,0
25943,0,0
55982,1,0
75613,1,0
57288,1,0
66390,1,0
52234,1,0
54248,1,0
8963,0,0
63145,1,0
55257,1,0
20864,0,0
31501,0,0
9710,0,0
24859,0,0
29286,0,0
27229,0,0
60288,1,0
50597,1,0
75375,1,0
6912,0,0
77799,1,0
27743,0,0
73985,1,0
74259,1,0
28212,0,0
73915,1,0
23519,0,0
75342,1,0
23557,0,0
2813,0,0
39770,0,0
63046,1,0
42797,1,0
63754,1,0
67216,1,0
52936,1,0
27470,0,0
10471,0,0
41831,1,0
41377,1,0
55724,1,0
56841,1,0
8772,0,0
60834,1,0
24533,0,0
42848,1,0
63428,1,0
65295,1,0
5940,0,0
1500,0,0
3661,0,0
42355,1,0
63371,1,0
63217,1,0
39453,0,0
54824,1,0
69084,1,0
2275,0,0
4393,0,0
50698,1,0
74828,1,0
10864,0,0
22883,0,0
39161,0,0
16875,0,0
10512,0,0
52944,1,0
117,0,0
61971,1,0
1988,0,0
61085,1,0
10754,0,0
1621,0,0
44648,1,0
43121,1,0
20406,0,0
259,0,0
75331,1,0
22382,0,0
53602,1,0
21515,0,0
77947,1,0
41485,1,0
25170,0,0
6435,0,0
53358,1,0
24201,0,0
7214,0,0
39592,0,0
56863,1,0
79344,1,0
52393,1,0
62085,1,0
57172,1,0
2185,0,0
57252,1,0
9246,0,0
77179,1,0
51448,1,0
25990,0,0
29921,0,0
24383,0,0
3324,0,0
63508,1,0
41775,1,0
42656,1,0
49988,1,0
74501,1,0
22637,0,0
66015,1,0
23777,0,0
63156,1,0
78128,1,0
8330,0,0
51292,1,0
2254,0,0
11358,0,0
1379,0,0
6811,0,0
3103,0,0
54016,1,0
28118,0,0
64619,1,0
50697,1,0
63056,1,0
68608,1,0
7667,0,0
69506,1,0
21729,0,0
73763,1,0
27364,0,0
4740,0,0
55407,1,0
57215,1,0
29949,0,0
69304,1,0
42337,1,0
4808,0,0
29931,0,0
55670,1,0
28383,0,0
63536,1,0
25632,0,0
24853,0,0
22817,0,0
9940,0,0
4197,0,0
65488,1,0
40745,1,0
68085,1,0
29663,0,0
59503,1,0
5948,0,0
63212,1,0
63977,1,0
56434,1,0
57317,1,0
75037,1,0
58738,1,0
59667,1,0
4970,0,0
42822,1,0
43181,1,0
1470,0,0
57889,1,0
66761,1,0
2225,0,0
3345,0,0
3423,0,0
4853,0,0
7887,0,0
27967,0,0
21283,0,0
8120,0,0
21084,0,0
78556,1,0
42044,1,0
25950,0,0
41996,1,0
6960,0,0
23205,0,0
10588,0,0
257,0,0
65054,1,0
53111,1,0
53473,1,0
55674,1,0
67077,1,0
22854,0,0
39205,0,0
28419,0,0
44022,1,0
62686,1,0
3365,0,0
21297,0,0
6930,0,0
60611,1,0
57338,1,0
21236,0,0
66534,1,0
39486,0,0
56834,1,0
64488,1,0
50752,1,0
1628,0,0
2338,0,0
4965,0,0
51689,1,0
66378,1,0
12230,0,0
50611,1,0
44491,1,0
43494,1,0
21214,0,0
21279,0,0
27192,0,0
60445,1,0
27757,0,0
8791,0,0
63946,1,0
62359,1,0
69591,1,0
67677,1,0
52494,1,0
51488,1,0
73852,1,0
820,0,0
66635,1,0
64724,1,0
27150,0,0
17147,0,0
7906,0,0
53827,1,0
77729,1,0
42387,1,0
27124,0,0
48118,1,0
28299,0,0
57632,1,0
29282,0,0
55838,1,0
3945,0,0
78089,1,0
3621,0,0
11664,0,0
29182,0,0
11996,0,0
29135,0,0
60413,1,0
11029,0,0
43876,1,0
59192,1,0
29720,0,0
27960,0,0
6414,0,0
64700,1,0
57083,1,0
8620,0,0
78289,1,0
57955,1,0
57495,1,0
77416,1,0
68582,1,0
55987,1,0
54792,1,0
57747,1,0
69533,1,0
67305,1,0
8091,0,0
7707,0,0
78452,1,0
8069,0,0
52790,1,0
60914,1,0
59014,1,0
62679,1,0
74960,1,0
52896,1,0
21439,0,0
62863,1,0
26665,0,0
42273,1,0
59825,1,0
11445,0,0
65703,1,0
77674,1,0
21092,0,0
16965,0,0
39259,0,0
25515,0,0
51243,1,0
58299,1,0
59031,1,0
55573,1,0
78530,1,0
74067,1,0
3766,0,0
59585,1,0
61279,1,0
11595,0,0
43461,1,0
4076,0,0
65982,1,0
4903,0,0
55111,1,0
42949,1,0
2161,0,0
43823,1,0
60462,1,0
60369,1,0
39392,0,0
60590,1,0
73717,1,0
59174,1,0
3974,0,0
40948,1,0
59186,1,0
21668,0,0
59996,1,0
64112,1,0
7712,0,0
3113,0,0
4363,0,0
52070,1,0
708,0,0
27509,0,0
1469,0,0
67497,1,0
58034,1,0
68138,1,0
9506,0,0
53884,1,0
66196,1,0
3340,0,0
54696,1,0
9724,0,0
21702,0,0
40902,1,0
67766,1,0
55916,1,0
53202,1,0
78583,1,0
77884,1,0
29317,0,0
9667,0,0
52358,1,0
42980,1,0
57567,1,0
3952,0,0
27517,0,0
54495,1,0
4297,0,0
57845,1,0
853,0,0
43781,1,0
78581,1,0
29281,0,0
65929,1,0
62922,1,0
11560,0,0
54595,1,0
3258,0,0
8631,0,0
9404,0,0
67127,1,0
63933,1,0
64858,1,0
75517,1,0
64362,1,0
43466,1,0
10931,0,0
63667,1,0
69626,1,0
41419,1,0
55324,1,0
62999,1,0
9570,0,0
66970,1,0
29986,0,0
67666,1,0
57102,1,0
9957,0,0
74168,1,0
7822,0,0
68187,1,0
62126,1,0
41085,1,0
51269,1,0
8642,0,0
22265,0,0
66433,1,0
57441,1,0
3231,0,0
11519,0,0
57443,1,0
3764,0,0
3421,0,0
65869,1,0
10351,0,0
61045,1,0
63008,1,0
3134,0,0
68556,1,0
3395,0,0
51555,1,0
39294,0,0
10428,0,0
23757,0,0
9870,0,0
74161,1,0
50534,1,0
8039,0,0
39610,0,0
57706,1,0
60948,1,0
1574,0,0
59469,1,0
74402,1,0
28997,0,0
41940,1,0
42805,1,0
22422,0,0
1584,0,0
21344,0,0
59645,1,0
29670,0,0
53547,1,0
29342,0,0
53197,1,0
75454,1,0
27031,0,0
22250,0,0
3392,0,0
42841,1,0
65018,1,0
39731,0,0
41744,1,0
59005,1,0
23348,0,0
26081,0,0
56309,1,0
2435,0,0
57210,1,0
11650,0,0
62367,1,0
50959,1,0
67577,1,0
64687,1,0
42663,1,0
55906,1,0
65136,1,0
52407,1,0
23959,0,0
11778,0,0
40944,1,0
53788,1,0
40861,1,0
43236,1,0
21160,0,0
62644,1,0
74453,1,0
52943,1,0
65412,1,0
26114,0,0
69567,1,0
50816,1,0
74923,1,0
26017,0,0
66179,1,0
41323,1,0
4314,0,0
57411,1,0
24290,0,0
69700,1,0
1037,0,0
65068,1,0
61017,1,0
426,0,0
59747,1,0
29685,0,0
42932,1,0
24636,0,0
67597,1,0
63643,1,0
26828,0,0
53770,1,0
51120,1,0
59069,1,0
58307,1,0
8137,0,0
21335,0,0
9823,0,0
66157,1,0
78679,1,0
63671,1,0
69737,1,0
49819,1,0
64035,1,0
24937,0,0
68224,1,0
25167,0,0
24106,0,0
55091,1,0
6974,0,0
59450,1,0
11086,0,0
22025,0,0
57791,1,0
60580,1,0
60392,1,0
55070,1,0
28114,0,0
51028,1,0
64848,1,0
68811,1,0
27814,0,0
59840,1,0
42441,1,0
22444,0,0
7808,0,0
54801,1,0
4813,0,0
55061,1,0
29224,0,0
63002,1,0
4077,0,0
25417,0,0
66786,1,0
53623,1,0
2062,0,0
17146,0,0
62485,1,0
6097,0,0
9865,0,0
59517,1,0
25787,0,0
9086,0,0
39066,0,0
55672,1,0
8453,0,0
65660,1,0
54592,1,0
61672,1,0
41565,1,0
60336,1,0
64967,1,0
11774,0,0
72816,1,0
57509,1,0
65848,1,0
39311,0,0
50516,1,0
43085,1,0
28595,0,0
129,0,0
63691,1,0
20931,0,0
54176,1,0
25296,0,0
5974,0,0
67335,1,0
27504,0,0
75358,1,0
53083,1,0
69138,1,0
76151,1,0
1501,0,0
29142,0,0
52760,1,0
61629,1,0
27231,0,0
60363,1,0
57837,1,0
77557,1,0
6949,0,0
66023,1,0
40688,1,0
50644,1,0
3361,0,0
43486,1,0
24350,0,0
23689,0,0
28370,0,0
52968,1,0
68650,1,0
53606,1,0
22647,0,0
54351,1,0
42545,1,0
77541,1,0
44659,1,0
62935,1,0
24972,0,0
63517,1,0
22093,0,0
42561,1,0
41773,1,0
39542,0,0
54311,1,0
20865,0,0
77919,1,0
20918,0,0
77319,1,0
44005,1,0
53145,1,0
23591,0,0
69909,1,0
63833,1,0
10710,0,0
57306,1,0
64852,1,0
27919,0,0
11083,0,0
64053,1,0
9806,0,0
7993,0,0
9699,0,0
8044,0,0
41884,1,0
2365,0,0
567,0,0
57274,1,0
6625,0,0
55998,1,0
56833,1,0
9108,0,0
56867,1,0
42809,1,0
20920,0,0
21561,0,0
67780,1,0
4194,0,0
58174,1,0
65340,1,0
51231,1,0
9432,0,0
54463,1,0
77492,1,0
41074,1,0
52869,1,0
56893,1,0
55074,1,0
21042,0,0
20927,0,0
55155,1,0
17114,0,0
24777,0,0
21879,0,0
28380,0,0
69529,1,0
1549,0,0
59823,1,0
42659,1,0
76959,1,0
55988,1,0
77893,1,0
39824,0,0
4982,0,0
59769,1,0
69346,1,0
22292,0,0
39977,0,0
62239,1,0
77383,1,0
77658,1,0
10965,0,0
57792,1,0
3628,0,0
68709,1,0
69718,1,0
3546,0,0
40919,1,0
62055,1,0
23041,0,0
22236,0,0
52857,1,0
61032,1,0
57886,1,0
41090,1,0
26049,0,0
22989,0,0
69445,1,0
8493,0,0
25236,0,0
24107,0,0
59690,1,0
10577,0,0
53426,1,0
69075,1,0
58578,1,0
62902,1,0
23714,0,0
63492,1,0
6697,0,0
21359,0,0
75967,1,0
28006,0,0
61826,1,0
55245,1,0
44132,1,0
57697,1,0
53597,1,0
65533,1,0
61547,1,0
23305,0,0
53005,1,0
10452,0,0
56245,1,0
65246,1,0
41995,1,0
61027,1,0
9579,0,0
10422,0,0
48765,1,0
242,0,0
11694,0,0
25553,0,0
4854,0,0
62663,1,0
1242,0,0
62617,1,0
42874,1,0
11899,0,0
43137,1,0
6077,0,0
58050,1,0
39343,0,0
39405,0,0
25119,0,0
69572,1,0
54485,1,0
9123,0,0
68906,1,0
26053,0,0
75291,1,0
2391,0,0
63297,1,0
77990,1,0
66147,1,0
29343,0,0
2850,0,0
59760,1,0
21498,0,0
68602,1,0
69516,1,0
78717,1,0
39956,0,0
4014,0,0
1586,0,0
78686,1,0
55362,1,0
62901,1,0
66414,1,0
59589,1,0
54157,1,0
23461,0,0
26157,0,0
56025,1,0
6400,0,0
591,0,0
43777,1,0
39253,0,0
69237,1,0
9703,0,0
12158,0,0
24303,0,0
62086,1,0
61719,1,0
6405,0,0
74032,1,0
62809,1,0
65278,1,0
42840,1,0
11869,0,0
58780,1,0
77147,1,0
79490,1,0
42806,1,0
43936,1,0
24343,0,0
4438,0,0
64946,1,0
27122,0,0
1738,0,0
73085,1,0
62960,1,0
26769,0,0
21352,0,0
69065,1,0
39021,0,0
684,0,0
51283,1,0
29457,0,0
65647,1,0
9004,0,0
55307,1,0
10768,0,0
25548,0,0
58142,1,0
57510,1,0
52458,1,0
41719,1,0
41277,1,0
10979,0,0
38982,0,0
21684,0,0
51107,1,0
29481,0,0
54100,1,0
54897,1,0
78203,1,0
11572,0,0
54811,1,0
58587,1,0
65084,1,0
11356,0,0
3255,0,0
69723,1,0
23733,0,0
51153,1,0
2242,0,0
77789,1,0
58411,1,0
11879,0,0
67745,1,0
78628,1,0
58444,1,0
38472,0,0
25600,0,0
44940,1,0
64522,1,0
23917,0,0
1554,0,0
77077,1,0
11670,0,0
75341,1,0
68944,1,0
77361,1,0
10397,0,0
21570,0,0
43311,1,0
69176,1,0
797,0,0
73993,1,0
53010,1,0
78225,1,0
3481,0,0
56872,1,0
44263,1,0
6081,0,0
3256,0,0
4795,0,0
69979,1,0
56227,1,0
12198,0,0
9289,0,0
22302,0,0
1649,0,0
50930,1,0
9460,0,0
56308,1,0
69889,1,0
74515,1,0
63376,1,0
22667,0,0
54033,1,0
55633,1,0
22217,0,0
69069,1,0
51667,1,0
68935,1,0
106,0,0
25988,0,0
55551,1,0
22896,0,0
41747,1,0
11701,0,0
9285,0,0
9541,0,0
28320,0,0
54360,1,0
57860,1,0
68146,1,0
53611,1,0
67038,1,0
23022,0,0
22405,0,0
69312,1,0
3781,0,0
55836,1,0
77952,1,0
3831,0,0
53701,1,0
51535,1,0
1656,0,0
25649,0,0
55000,1,0
74276,1,0
7949,0,0
16994,0,0
49963,1,0
61822,1,0
11185,0,0
39427,0,0
44169,1,0
43214,1,0
64504,1,0
2461,0,0
464,0,0
39308,0,0
21909,0,0
41980,1,0
53933,1,0
54735,1,0
53696,1,0
77036,1,0
8735,0,0
9184,0,0
69431,1,0
77602,1,0
58996,1,0
11915,0,0
62517,1,0
1965,0,0
10806,0,0
77878,1,0
4558,0,0
56740,1,0
75330,1,0
5967,0,0
11473,0,0
28810,0,0
59780,1,0
49839,1,0
10250,0,0
69874,1,0
42516,1,0
55575,1,0
68288,1,0
67377,1,0
25985,0,0
61254,1,0
44816,1,0
74219,1,0
65673,1,0
7095,0,0
8348,0,0
64753,1,0
41433,1,0
24983,0,0
28027,0,0
25120,0,0
7773,0,0
53255,1,0
39660,0,0
7898,0,0
28209,0,0
4540,0,0
54390,1,0
4111,0,0
59356,1,0
26075,0,0
22916,0,0
26364,0,0
4435,0,0
522,0,0
57883,1,0
78192,1,0
69579,1,0
9979,0,0
69763,1,0
27433,0,0
54207,1,0
57479,1,0
31497,0,0
22709,0,0
25205,0,0
28088,0,0
69252,1,0
42567,1,0
74346,1,0
66617,1,0
74054,1,0
60574,1,0
28723,0,0
21724,0,0
8194,0,0
64966,1,0
21392,0,0
53718,1,0
43024,1,0
74340,1,0
23858,0,0
26386,0,0
77770,1,0
57366,1,0
61558,1,0
25846,0,0
68091,1,0
11153,0,0
39124,0,0
68464,1,0
26474,0,0
8477,0,0
11075,0,0
9013,0,0
24827,0,0
9234,0,0
21499,0,0
69888,1,0
62435,1,0
75045,1,0
190,0,0
55416,1,0
41930,1,0
22614,0,0
66139,1,0
6390,0,0
9014,0,0
3574,0,0
68613,1,0
39144,0,0
9665,0,0
63178,1,0
8968,0,0
53993,1,0
68251,1,0
69779,1,0
67499,1,0
25396,0,0
23264,0,0
28072,0,0
65971,1,0
230,0,0
41592,1,0
77805,1,0
74141,1,0
65382,1,0
68727,1,0
55777,1,0
3793,0,0
8113,0,0
22552,0,0
60458,1,0
28500,0,0
8123,0,0
56598,1,0
27232,0,0
10254,0,0
56540,1,0
27541,0,0
78515,1,0
42775,1,0
21336,0,0
74305,1,0
65312,1,0
53811,1,0
1658,0,0
25319,0,0
55328,1,0
77322,1,0
28935,0,0
5970,0,0
27522,0,0
1467,0,0
55253,1,0
23809,0,0
8290,0,0
21850,0,0
7124,0,0
27035,0,0
3761,0,0
77739,1,0
1436,0,0
66358,1,0
4528,0,0
42633,1,0
6773,0,0
59424,1,0
11835,0,0
5535,0,0
4693,0,0
43562,1,0
23992,0,0
23536,0,0
68901,1,0
65342,1,0
78716,1,0
39349,0,0
99,0,0
10866,0,0
51240,1,0
78057,1,0
77159,1,0
27511,0,0
10853,0,0
66630,1,0
24163,0,0
302,0,0
55304,1,0
60354,1,0
39989,0,0
59745,1,0
67789,1,0
4485,0,0
56202,1,0
53674,1,0
62582,1,0
12093,0,0
29216,0,0
1635,0,0
67814,1,0
38453,0,0
63820,1,0
59763,1,0
6020,0,0
51103,1,0
24261,0,0
60859,1,0
1747,0,0
55149,1,0
4433,0,0
76974,1,0
23379,0,0
11299,0,0
7668,0,0
54434,1,0
60621,1,0
58957,1,0
4721,0,0
20926,0,0
24438,0,0
3629,0,0
69197,1,0
56735,1,0
4734,0,0
58243,1,0
65858,1,0
69050,1,0
1608,0,0
3590,0,0
25072,0,0
22050,0,0
65855,1,0
55259,1,0
58873,1,0
50680,1,0
74084,1,0
74162,1,0
41537,1,0
63486,1,0
25656,0,0
3569,0,0
52069,1,0
57040,1,0
42510,1,0
49845,1,0
55905,1,0
1763,0,0
58913,1,0
77130,1,0
65918,1,0
22499,0,0
39136,0,0
26851,0,0
8268,0,0
59933,1,0
41501,1,0
55600,1,0
55382,1,0
51787,1,0
54051,1,0
53953,1,0
51890,1,0
69021,1,0
39363,0,0
3841,0,0
67797,1,0
23501,0,0
53624,1,0
2494,0,0
73792,1,0
78497,1,0
43449,1,0
43391,1,0
29489,0,0
8420,0,0
69337,1,0
62424,1,0
52534,1,0
41574,1,0
52522,1,0
77852,1,0
28353,0,0
52712,1,0
9657,0,0
38962,0,0
50794,1,0
44849,1,0
69525,1,0
67125,1,0
23214,0,0
54539,1,0
39304,0,0
25983,0,0
9296,0,0
40835,1,0
2085,0,0
3060,0,0
69159,1,0
23082,0,0
10374,0,0
56544,1,0
29005,0,0
65760,1,0
29023,0,0
11946,0,0
24748,0,0
28450,0,0
39762,0,0
61568,1,0
24360,0,0
28107,0,0
54108,1,0
53790,1,0
68423,1,0
51455,1,0
4774,0,0
29666,0,0
4760,0,0
26974,0,0
57785,1,0
8189,0,0
53018,1,0
24616,0,0
23402,0,0
22972,0,0
55146,1,0
43866,1,0
7902,0,0
699,0,0
61117,1,0
75727,1,0
6742,0,0
57704,1,0
67316,1,0
66868,1,0
66576,1,0
59893,1,0
61924,1,0
25284,0,0
10932,0,0
2361,0,0
51808,1,0
74646,1,0
909,0,0
44769,1,0
27989,0,0
63676,1,0
4107,0,0
62685,1,0
61155,1,0
11556,0,0
16920,0,0
58215,1,0
41034,1,0
56272,1,0
116,0,0
38477,0,0
51286,1,0
22687,0,0
52434,1,0
29905,0,0
56238,1,0
22617,0,0
6359,0,0
43034,1,0
51499,1,0
66690,1,0
3182,0,0
68502,1,0
78073,1,0
56214,1,0
295,0,0
9078,0,0
77995,1,0
29983,0,0
9697,0,0
55195,1,0
53463,1,0
62839,1,0
27492,0,0
4397,0,0
21471,0,0
41600,1,0
6996,0,0
78180,1,0
60609,1,0
76234,1,0
28367,0,0
8599,0,0
21030,0,0
41981,1,0
68440,1,0
78182,1,0
41455,1,0
74255,1,0
21541,0,0
67095,1,0
43074,1,0
54540,1,0
10613,0,0
65145,1,0
63107,1,0
9084,0,0
51922,1,0
4061,0,0
77941,1,0
39018,0,0
23935,0,0
77473,1,0
78332,1,0
29440,0,0
29881,0,0
25025,0,0
24518,0,0
61729,1,0
28657,0,0
40684,1,0
2447,0,0
78681,1,0
41649,1,0
27043,0,0
55923,1,0
27096,0,0
55451,1,0
10287,0,0
51815,1,0
67775,1,0
11703,0,0
52355,1,0
64343,1,0
79860,1,0
75253,1,0
4582,0,0
59884,1,0
74719,1,0
22037,0,0
27252,0,0
78085,1,0
10255,0,0
68938,1,0
62611,1,0
55572,1,0
8154,0,0
77080,1,0
58013,1,0
62183,1,0
27740,0,0
29385,0,0
49360,1,0
22708,0,0
66367,1,0
63089,1,0
2721,0,0
56107,1,0
55219,1,0
56402,1,0
55277,1,0
1645,0,0
24331,0,0
60746,1,0
28705,0,0
59140,1,0
57009,1,0
4386,0,0
65923,1,0
51798,1,0
4603,0,0
55819,1,0
28803,0,0
67662,1,0
64943,1,0
21019,0,0
69794,1,0
21429,0,0
41692,1,0
51517,1,0
25197,0,0
64439,1,0
57820,1,0
54019,1,0
12084,0,0
73890,1,0
41250,1,0
630,0,0
11202,0,0
40848,1,0
7167,0,0
59953,1,0
43426,1,0
54400,1,0
79467,1,0
67101,1,0
73839,1,0
24219,0,0
414,0,0
69865,1,0
21834,0,0
77993,1,0
41024,1,0
59831,1,0
63122,1,0
61044,1,0
2230,0,0
28451,0,0
74423,1,0
56625,1,0
66024,1,0
67373,1,0
55424,1,0
61271,1,0
64604,1,0
50842,1,0
52839,1,0
68712,1,0
66384,1,0
9939,0,0
57647,1,0
65320,1,0
69035,1,0
9702,0,0
8973,0,0
24845,0,0
41175,1,0
576,0,0
67668,1,0
78007,1,0
29952,0,0
3425,0,0
8459,0,0
65051,1,0
618,0,0
39643,0,0
4961,0,0
50975,1,0
41155,1,0
21316,0,0
25399,0,0
60514,1,0
68170,1,0
57229,1,0
29066,0,0
73796,1,0
41552,1,0
6039,0,0
44646,1,0
64549,1,0
42274,1,0
59249,1,0
57721,1,0
27116,0,0
44665,1,0
67162,1,0
59093,1,0
63192,1,0
51267,1,0
42824,1,0
58992,1,0
9639,0,0
58720,1,0
76847,1,0
25573,0,0
77033,1,0
29499,0,0
60453,1,0
69187,1,0
29328,0,0
43190,1,0
68100,1,0
60493,1,0
10816,0,0
50913,1,0
24334,0,0
28280,0,0
50563,1,0
23662,0,0
21704,0,0
22731,0,0
9937,0,0
42471,1,0
91,0,0
7107,0,0
69056,1,0
59920,1,0
8839,0,0
60554,1,0
25254,0,0
12150,0,0
51160,1,0
22921,0,0
21481,0,0
40697,1,0
25614,0,0
10689,0,0
60376,1,0
61257,1,0
39615,0,0
39315,0,0
67323,1,0
65436,1,0
50834,1,0
62786,1,0
57173,1,0
55739,1,0
54071,1,0
44704,1,0
39959,0,0
57900,1,0
64353,1,0
46113,1,0
1648,0,0
64686,1,0
67015,1,0
41922,1,0
51030,1,0
68389,1,0
24788,0,0
77154,1,0
61444,1,0
22599,0,0
58381,1,0
6714,0,0
43909,1,0
21617,0,0
51691,1,0
52112,1,0
16852,0,0
61704,1,0
11588,0,0
60683,1,0
24843,0,0
74313,1,0
48178,1,0
43613,1,0
64976,1,0
1486,0,0
8338,0,0
39923,0,0
65027,1,0
56940,1,0
48124,1,0
41595,1,0
56530,1,0
74057,1,0
69583,1,0
60434,1,0
66520,1,0
74505,1,0
51322,1,0
52835,1,0
73928,1,0
21626,0,0
9356,0,0
11150,0,0
4009,0,0
58413,1,0
22429,0,0
65253,1,0
22218,0,0
27954,0,0
39334,0,0
78232,1,0
43256,1,0
60853,1,0
51214,1,0
8002,0,0
6762,0,0
65407,1,0
6483,0,0
39373,0,0
56746,1,0
11120,0,0
68912,1,0
53618,1,0
54489,1,0
7799,0,0
21079,0,0
61121,1,0
68701,1,0
24461,0,0
60397,1,0
67358,1,0
10813,0,0
65802,1,0
75534,1,0
9902,0,0
55414,1,0
50553,1,0
11696,0,0
69494,1,0
68459,1,0
25809,0,0
5006,0,0
63951,1,0
2501,0,0
58269,1,0
65393,1,0
16945,0,0
55474,1,0
10443,0,0
61022,1,0
44176,1,0
28047,0,0
28750,0,0
69603,1,0
53670,1,0
79294,1,0
53109,1,0
29950,0,0
77438,1,0
63866,1,0
7731,0,0
54352,1,0
78219,1,0
69007,1,0
63223,1,0
75302,1,0
63257,1,0
16933,0,0
72231,1,0
52338,1,0
22000,0,0
44701,1,0
59837,1,0
74893,1,0
42390,1,0
8392,0,0
69315,1,0
59508,1,0
25770,0,0
24987,0,0
67132,1,0
9817,0,0
61951,1,0
52210,1,0
69526,1,0
24667,0,0
57116,1,0
42368,1,0
4272,0,0
58745,1,0
41232,1,0
55571,1,0
63940,1,0
63619,1,0
22375,0,0
25240,0,0
74721,1,0
29813,0,0
27879,0,0
12127,0,0
50392,1,0
66354,1,0
21773,0,0
63660,1,0
39552,0,0
50796,1,0
57754,1,0
3524,0,0
2771,0,0
41491,1,0
25499,0,0
57414,1,0
50867,1,0
24758,0,0
16990,0,0
3453,0,0
28793,0,0
39726,0,0
77452,1,0
10683,0,0
65778,1,0
55463,1,0
58803,1,0
40769,1,0
58481,1,0
77661,1,0
8672,0,0
10858,0,0
41818,1,0
23927,0,0
27513,0,0
11426,0,0
42333,1,0
24463,0,0
20911,0,0
43894,1,0
29899,0,0
54231,1,0
57219,1,0
57154,1,0
63195,1,0
77412,1,0
53607,1,0
78706,1,0
4325,0,0
66098,1,0
25355,0,0
65101,1,0
77894,1,0
78321,1,0
51125,1,0
66352,1,0
51549,1,0
41503,1,0
29115,0,0
50993,1,0
27858,0,0
75011,1,0
24834,0,0
55094,1,0
39963,0,0
62283,1,0
58091,1,0
12109,0,0
24627,0,0
27088,0,0
60654,1,0
42569,1,0
16874,0,0
26398,0,0
58769,1,0
8481,0,0
172,0,0
23766,0,0
56852,1,0
58262,1,0
20978,0,0
22523,0,0
68433,1,0
43382,1,0
43933,1,0
63623,1,0
66296,1,0
50672,1,0
28171,0,0
20824,0,0
10660,0,0
69662,1,0
79465,1,0
64442,1,0
54640,1,0
24149,0,0
62624,1,0
42095,1,0
28038,0,0
68466,1,0
64513,1,0
59746,1,0
43127,1,0
54466,1,0
52016,1,0
4405,0,0
29740,0,0
69592,1,0
11090,0,0
62760,1,0
62423,1,0
52106,1,0
41845,1,0
4487,0,0
29062,0,0
68340,1,0
6362,0,0
2382,0,0
21277,0,0
77749,1,0
64726,1,0
58132,1,0
56986,1,0
53580,1,0
42814,1,0
25311,0,0
58836,1,0
42148,1,0
68323,1,0
74574,1,0
1758,0,0
54831,1,0
23817,0,0
50868,1,0
26413,0,0
24655,0,0
68416,1,0
29822,0,0
8983,0,0
67884,1,0
17958,0,0
43110,1,0
41434,1,0
11146,0,0
74278,1,0
68200,1,0
41191,1,0
44155,1,0
42149,1,0
11309,0,0
62080,1,0
51196,1,0
78153,1,0
59029,1,0
3579,0,0
25007,0,0
40888,1,0
74816,1,0
64480,1,0
60312,1,0
55527,1,0
24598,0,0
51051,1,0
56503,1,0
43325,1,0
77460,1,0
77719,1,0
23490,0,0
56729,1,0
2026,0,0
63031,1,0
17090,0,0
65794,1,0
9571,0,0
12165,0,0
67759,1,0
24364,0,0
22478,0,0
56442,1,0
28852,0,0
1764,0,0
64038,1,0
53822,1,0
62023,1,0
4394,0,0
69421,1,0
27890,0,0
69324,1,0
42645,1,0
6770,0,0
9560,0,0
59849,1,0
6447,0,0
58402,1,0
42400,1,0
79751,1,0
74464,1,0
67869,1,0
62655,1,0
67496,1,0
43858,1,0
41234,1,0
4001,0,0
1538,0,0
29762,0,0
3303,0,0
68220,1,0
408,0,0
69277,1,0
22973,0,0
28544,0,0
52496,1,0
12179,0,0
68348,1,0
77292,1,0
23920,0,0
61687,1,0
43751,1,0
54905,1,0
68,0,0
73832,1,0
21124,0,0
51521,1,0
29156,0,0
63543,1,0
63975,1,0
54479,1,0
42753,1,0
50771,1,0
40699,1,0
25489,0,0
23068,0,0
66634,1,0
51727,1,0
4936,0,0
58843,1,0
67346,1,0
9567,0,0
57554,1,0
22593,0,0
65399,1,0
29638,0,0
7849,0,0
11406,0,0
29969,0,0
43664,1,0
65205,1,0
2880,0,0
4949,0,0
77746,1,0
58257,1,0
22041,0,0
68321,1,0
22661,0,0
51756,1,0
44074,1,0
6942,0,0
6045,0,0
42985,1,0
24445,0,0
28219,0,0
65650,1,0
39820,0,0
77171,1,0
53189,1,0
48043,1,0
24042,0,0
57449,1,0
67967,1,0
43394,1,0
64229,1,0
4623,0,0
59166,1,0
10590,0,0
4505,0,0
3329,0,0
65902,1,0
28309,0,0
5914,0,0
8130,0,0
41534,1,0
22865,0,0
24956,0,0
77784,1,0
75192,1,0
56011,1,0
28010,0,0
66624,1,0
74951,1,0
21874,0,0
39691,0,0
53194,1,0
51646,1,0
51246,1,0
8827,0,0
57474,1,0
27852,0,0
76946,1,0
51573,1,0
54594,1,0
3496,0,0
55404,1,0
23943,0,0
57631,1,0
27874,0,0
73850,1,0
1907,0,0
11540,0,0
74394,1,0
11350,0,0
42393,1,0
64981,1,0
69049,1,0
6695,0,0
27319,0,0
21970,0,0
9403,0,0
17234,0,0
61630,1,0
63954,1,0
12021,0,0
50853,1,0
51410,1,0
39266,0,0
68889,1,0
2006,0,0
63375,1,0
61013,1,0
67882,1,0
51040,1,0
69348,1,0
55260,1,0
74178,1,0
62995,1,0
53905,1,0
69982,1,0
42491,1,0
50838,1,0
50622,1,0
1354,0,0
69990,1,0
66002,1,0
24152,0,0
63816,1,0
53954,1,0
60975,1,0
8544,0,0
60854,1,0
22821,0,0
3807,0,0
22443,0,0
53144,1,0
3886,0,0
3878,0,0
40904,1,0
55380,1,0
60842,1,0
57888,1,0
52320,1,0
9229,0,0
67707,1,0
67876,1,0
67036,1,0
21333,0,0
48760,1,0
53511,1,0
73789,1,0
69988,1,0
78747,1,0
68169,1,0
68836,1,0
75121,1,0
76228,1,0
27715,0,0
20997,0,0
21138,0,0
67907,1,0
9525,0,0
26980,0,0
17124,0,0
54749,1,0
54321,1,0
9738,0,0
21953,0,0
6676,0,0
74201,1,0
73095,1,0
4029,0,0
27324,0,0
41835,1,0
53309,1,0
42903,1,0
2063,0,0
60348,1,0
68292,1,0
23411,0,0
59927,1,0
25734,0,0
23951,0,0
21252,0,0
50579,1,0
3506,0,0
66774,1,0
28420,0,0
74460,1,0
67762,1,0
27557,0,0
11101,0,0
25346,0,0
78080,1,0
57642,1,0
39892,0,0
40859,1,0
22116,0,0
54300,1,0
52215,1,0
74789,1,0
43534,1,0
11024,0,0
23616,0,0
7970,0,0
50805,1,0
77170,1,0
52574,1,0
54764,1,0
7123,0,0
42935,1,0
66400,1,0
62323,1,0
79610,1,0
78665,1,0
69429,1,0
63280,1,0
445,0,0
54440,1,0
69352,1,0
58403,1,0
42951,1,0
52195,1,0
536,0,0
67685,1,0
50389,1,0
24200,0,0
77649,1,0
6799,0,0
29171,0,0
61890,1,0
68682,1,0
8293,0,0
77317,1,0
69381,1,0
9662,0,0
8498,0,0
74116,1,0
66261,1,0
6992,0,0
67271,1,0
39748,0,0
41392,1,0
22806,0,0
74129,1,0
27406,0,0
29495,0,0
42905,1,0
66888,1,0
39263,0,0
73907,1,0
44589,1,0
25956,0,0
10840,0,0
20860,0,0
23155,0,0
28649,0,0
74914,1,0
40877,1,0
22877,0,0
41968,1,0
58931,1,0
42934,1,0
1641,0,0
52090,1,0
55031,1,0
28406,0,0
59810,1,0
53719,1,0
8571,0,0
8755,0,0
68513,1,0
29730,0,0
55163,1,0
54245,1,0
55387,1,0
74195,1,0
78004,1,0
23734,0,0
58896,1,0
27915,0,0
4398,0,0
26038,0,0
1570,0,0
69924,1,0
66748,1,0
68984,1,0
22058,0,0
62588,1,0
59144,1,0
43205,1,0
62834,1,0
69321,1,0
22535,0,0
78260,1,0
63363,1,0
24166,0,0
65013,1,0
73841,1,0
8165,0,0
52685,1,0
53295,1,0
50817,1,0
61688,1,0
60435,1,0
69901,1,0
27459,0,0
11225,0,0
65636,1,0
7144,0,0
11300,0,0
5965,0,0
2822,0,0
8294,0,0
74203,1,0
6633,0,0
8691,0,0
56968,1,0
24121,0,0
25591,0,0
2170,0,0
51859,1,0
75334,1,0
53699,1,0
4252,0,0
11881,0,0
59024,1,0
52193,1,0
24639,0,0
6561,0,0
28131,0,0
39717,0,0
75448,1,0
50381,1,0
54656,1,0
29858,0,0
24340,0,0
43323,1,0
21962,0,0
58771,1,0
60622,1,0
54523,1,0
58019,1,0
78627,1,0
61459,1,0
22776,0,0
53813,1,0
23542,0,0
69027,1,0
49220,1,0
2416,0,0
7703,0,0
10735,0,0
64464,1,0
44069,1,0
67897,1,0
28143,0,0
74512,1,0
56437,1,0
8152,0,0
52075,1,0
11119,0,0
56632,1,0
11080,0,0
7891,0,0
60867,1,0
56068,1,0
26391,0,0
8169,0,0
25969,0,0
27351,0,0
77189,1,0
26059,0,0
162,0,0
39512,0,0
21068,0,0
9378,0,0
54282,1,0
3157,0,0
52484,1,0
2077,0,0
59862,1,0
42199,1,0
60292,1,0
69383,1,0
10707,0,0
51445,1,0
25513,0,0
58035,1,0
56111,1,0
41863,1,0
29534,0,0
64854,1,0
56588,1,0
43290,1,0
28826,0,0
58092,1,0
53546,1,0
55697,1,0
26969,0,0
68470,1,0
52099,1,0
6672,0,0
27794,0,0
41849,1,0
53492,1,0
22832,0,0
61133,1,0
63153,1,0
6347,0,0
29919,0,0
22193,0,0
54421,1,0
52640,1,0
8591,0,0
74254,1,0
69152,1,0
27943,0,0
23416,0,0
231,0,0
132,0,0
63762,1,0
39960,0,0
43316,1,0
1995,0,0
52899,1,0
4113,0,0
78707,1,0
11117,0,0
3086,0,0
56114,1,0
56458,1,0
43049,1,0
52411,1,0
51721,1,0
983,0,0
69992,1,0
74996,1,0
28830,0,0
55839,1,0
10385,0,0
26804,0,0
65408,1,0
23031,0,0
57047,1,0
10940,0,0
54465,1,0
53200,1,0
53391,1,0
27245,0,0
2219,0,0
21900,0,0
27225,0,0
59122,1,0
52752,1,0
54328,1,0
56803,1,0
25068,0,0
10854,0,0
51230,1,0
21559,0,0
51907,1,0
41700,1,0
10418,0,0
8387,0,0
42670,1,0
58020,1,0
73767,1,0
61175,1,0
62010,1,0
11584,0,0
51431,1,0
10769,0,0
68496,1,0
58594,1,0
60702,1,0
52877,1,0
11061,0,0
69113,1,0
43054,1,0
49848,1,0
53726,1,0
23484,0,0
8701,0,0
3919,0,0
68449,1,0
957,0,0
10622,0,0
41765,1,0
68873,1,0
54930,1,0
53250,1,0
39313,0,0
8750,0,0
56878,1,0
39650,0,0
43282,1,0
58264,1,0
22454,0,0
4922,0,0
829,0,0
23310,0,0
25899,0,0
65453,1,0
66299,1,0
75575,1,0
51828,1,0
26536,0,0
69892,1,0
11741,0,0
10384,0,0
42002,1,0
63646,1,0
22884,0,0
58629,1,0
58801,1,0
66177,1,0
43621,1,0
26377,0,0
54046,1,0
68838,1,0
51657,1,0
63406,1,0
25213,0,0
66627,1,0
65540,1,0
53137,1,0
6146,0,0
52889,1,0
24387,0,0
68574,1,0
44715,1,0
21223,0,0
73774,1,0
59654,1,0
4594,0,0
55044,1,0
68769,1,0
56652,1,0
44175,1,0
67815,1,0
8843,0,0
51997,1,0
4099,0,0
7716,0,0
27486,0,0
75017,1,0
66606,1,0
79690,1,0
58768,1,0
52031,1,0
6337,0,0
78275,1,0
41641,1,0
77138,1,0
22028,0,0
42052,1,0
28507,0,0
56586,1,0
67981,1,0
57327,1,0
55104,1,0
11419,0,0
59432,1,0
39807,0,0
56698,1,0
29249,0,0
42261,1,0
26035,0,0
39480,0,0
10822,0,0
334,0,0
65398,1,0
69809,1,0
21332,0,0
2054,0,0
22841,0,0
8851,0,0
60444,1,0
43047,1,0
56700,1,0
74693,1,0
67128,1,0
62228,1,0
51562,1,0
52061,1,0
5022,0,0
42671,1,0
52007,1,0
59252,1,0
64917,1,0
59732,1,0
7821,0,0
11467,0,0
27069,0,0
28468,0,0
68043,1,0
8622,0,0
67507,1,0
69604,1,0
51189,1,0
22154,0,0
74895,1,0
51768,1,0
65899,1,0
60942,1,0
3589,0,0
11189,0,0
43016,1,0
42747,1,0
23872,0,0
29777,0,0
57485,1,0
56984,1,0
57037,1,0
77043,1,0
29897,0,0
43182,1,0
56657,1,0
24500,0,0
42582,1,0
53713,1,0
64839,1,0
43209,1,0
9726,0,0
20414,0,0
215,0,0
62796,1,0
66133,1,0
61211,1,0
68830,1,0
63368,1,0
971,0,0
716,0,0
42692,1,0
3040,0,0
23412,0,0
29412,0,0
25637,0,0
64855,1,0
42689,1,0
7128,0,0
69024,1,0
50574,1,0
8967,0,0
63929,1,0
9010,0,0
2767,0,0
51688,1,0
75606,1,0
9768,0,0
23654,0,0
64601,1,0
69140,1,0
25411,0,0
44845,1,0
52718,1,0
69961,1,0
57998,1,0
55708,1,0
56680,1,0
2659,0,0
40771,1,0
22001,0,0
25228,0,0
57433,1,0
27018,0,0
10685,0,0
68002,1,0
52217,1,0
63288,1,0
10782,0,0
67076,1,0
56646,1,0
65360,1,0
42094,1,0
62630,1,0
10883,0,0
51281,1,0
61285,1,0
4087,0,0
39212,0,0
66047,1,0
41627,1,0
3372,0,0
8282,0,0
362,0,0
67853,1,0
20884,0,0
21827,0,0
67971,1,0
3226,0,0
78735,1,0
22202,0,0
52316,1,0
9756,0,0
68099,1,0
41866,1,0
57984,1,0
59398,1,0
58632,1,0
39857,0,0
10770,0,0
53125,1,0
2200,0,0
73718,1,0
3244,0,0
21394,0,0
3738,0,0
58902,1,0
40802,1,0
28297,0,0
62620,1,0
77985,1,0
22276,0,0
58223,1,0
54872,1,0
8732,0,0
68924,1,0
42496,1,0
57498,1,0
74303,1,0
42122,1,0
10575,0,0
56325,1,0
27649,0,0
11719,0,0
43414,1,0
24705,0,0
55312,1,0
62263,1,0
58191,1,0
67708,1,0
25098,0,0
24883,0,0
24483,0,0
52465,1,0
52417,1,0
75118,1,0
63314,1,0
64556,1,0
62836,1,0
60428,1,0
8144,0,0
65522,1,0
78440,1,0
23889,0,0
399,0,0
50961,1,0
28277,0,0
8797,0,0
17066,0,0
10942,0,0
25207,0,0
44162,1,0
21956,0,0
66430,1,0
9663,0,0
4613,0,0
63746,1,0
21241,0,0
59142,1,0
39108,0,0
76236,1,0
39935,0,0
64765,1,0
6583,0,0
39584,0,0
59859,1,0
69927,1,0
74680,1,0
74086,1,0
43464,1,0
2569,0,0
43044,1,0
26979,0,0
74176,1,0
27160,0,0
25915,0,0
21887,0,0
8031,0,0
402,0,0
43833,1,0
22627,0,0
2543,0,0
2681,0,0
39667,0,0
27781,0,0
3286,0,0
60455,1,0
4775,0,0
22730,0,0
66574,1,0
8650,0,0
39213,0,0
57676,1,0
58030,1,0
77651,1,0
28200,0,0
60375,1,0
61192,1,0
74302,1,0
23067,0,0
63170,1,0
64536,1,0
65052,1,0
16980,0,0
79301,1,0
574,0,0
56545,1,0
77188,1,0
10239,0,0
9723,0,0
1129,0,0
1984,0,0
6569,0,0
56507,1,0
54834,1,0
56446,1,0
65532,1,0
4103,0,0
55899,1,0
55564,1,0
25476,0,0
11219,0,0
23184,0,0
29059,0,0
25857,0,0
78432,1,0
6421,0,0
53502,1,0
42389,1,0
77906,1,0
53544,1,0
42660,1,0
74838,1,0
68729,1,0
69905,1,0
8899,0,0
23204,0,0
74949,1,0
53852,1,0
8606,0,0
11214,0,0
24377,0,0
29122,0,0
22240,0,0
55570,1,0
29272,0,0
68881,1,0
68692,1,0
29868,0,0
24625,0,0
75179,1,0
22845,0,0
952,0,0
69108,1,0
65719,1,0
3225,0,0
8065,0,0
42117,1,0
61697,1,0
61095,1,0
52074,1,0
39636,0,0
28096,0,0
59197,1,0
74288,1,0
22909,0,0
8970,0,0
2036,0,0
25111,0,0
67590,1,0
62709,1,0
28053,0,0
53259,1,0
42310,1,0
43337,1,0
8339,0,0
59320,1,0
77447,1,0
74111,1,0
44853,1,0
29141,0,0
68706,1,0
22194,0,0
44084,1,0
60470,1,0
38443,0,0
55039,1,0
2906,0,0
62614,1,0
61411,1,0
65614,1,0
60471,1,0
25320,0,0
3615,0,0
75456,1,0
27835,0,0
11229,0,0
25963,0,0
11149,0,0
43508,1,0
62932,1,0
55172,1,0
2907,0,0
78186,1,0
58158,1,0
42020,1,0
53211,1,0
2954,0,0
63066,1,0
61743,1,0
75189,1,0
344,0,0
3885,0,0
51769,1,0
1710,0,0
55196,1,0
23511,0,0
53370,1,0
77456,1,0
52763,1,0
52978,1,0
57700,1,0
69934,1,0
52608,1,0
54529,1,0
50649,1,0
74921,1,0
60995,1,0
60384,1,0
69141,1,0
64993,1,0
54742,1,0
53091,1,0
596,0,0
4219,0,0
10468,0,0
1419,0,0
6564,0,0
65513,1,0
29075,0,0
23648,0,0
66454,1,0
22119,0,0
41735,1,0
59733,1,0
42425,1,0
56087,1,0
40724,1,0
26887,0,0
3126,0,0
3795,0,0
55880,1,0
59179,1,0
68536,1,0
5979,0,0
23299,0,0
58698,1,0
78120,1,0
27700,0,0
24276,0,0
42470,1,0
315,0,0
29372,0,0
9589,0,0
27187,0,0
8641,0,0
22503,0,0
63246,1,0
57828,1,0
69307,1,0
10420,0,0
57271,1,0
7871,0,0
107,0,0
43078,1,0
64391,1,0
77735,1,0
61553,1,0
25957,0,0
1695,0,0
29217,0,0
66104,1,0
54057,1,0
42239,1,0
53801,1,0
28847,0,0
42846,1,0
3452,0,0
638,0,0
74637,1,0
17139,0,0
23313,0,0
68353,1,0
4832,0,0
62371,1,0
24085,0,0
55808,1,0
44182,1,0
11064,0,0
4153,0,0
58953,1,0
3229,0,0
75161,1,0
7686,0,0
11738,0,0
75083,1,0
23270,0,0
54980,1,0
43341,1,0
27323,0,0
10497,0,0
57628,1,0
62841,1,0
28108,0,0
65065,1,0
27615,0,0
66701,1,0
57412,1,0
9315,0,0
24474,0,0
8587,0,0
53552,1,0
1353,0,0
23530,0,0
67688,1,0
52399,1,0
65250,1,0
65761,1,0
55587,1,0
42092,1,0
54163,1,0
25459,0,0
69749,1,0
22868,0,0
26008,0,0
1053,0,0
62768,1,0
12024,0,0
1041,0,0
48090,1,0
54846,1,0
68057,1,0
65137,1,0
57583,1,0
63553,1,0
28774,0,0
55261,1,0
78272,1,0
63410,1,0
39569,0,0
9479,0,0
350,0,0
55249,1,0
29542,0,0
59066,1,0
23274,0,0
1347,0,0
54865,1,0
6691,0,0
25893,0,0
68843,1,0
62385,1,0
64297,1,0
38981,0,0
65662,1,0
43133,1,0
2747,0,0
22712,0,0
28851,0,0
21549,0,0
62051,1,0
76984,1,0
8853,0,0
11630,0,0
56967,1,0
53549,1,0
52937,1,0
56554,1,0
69074,1,0
29554,0,0
20398,0,0
43472,1,0
56281,1,0
2216,0,0
53690,1,0
16949,0,0
24096,0,0
58003,1,0
31521,0,0
3081,0,0
1231,0,0
53405,1,0
22189,0,0
39978,0,0
22461,0,0
3837,0,0
55903,1,0
62030,1,0
3357,0,0
58724,1,0
28794,0,0
41311,1,0
75366,1,0
52334,1,0
41520,1,0
53191,1,0
54217,1,0
62864,1,0
23494,0,0
21399,0,0
51662,1,0
55731,1,0
52769,1,0
68463,1,0
10955,0,0
56937,1,0
55496,1,0
60409,1,0
28791,0,0
10676,0,0
4834,0,0
12203,0,0
2756,0,0
7839,0,0
58190,1,0
61130,1,0
27334,0,0
8709,0,0
21546,0,0
74833,1,0
3238,0,0
9141,0,0
53847,1,0
40864,1,0
57600,1,0
58101,1,0
22133,0,0
64850,1,0
41245,1,0
62312,1,0
9298,0,0
25884,0,0
54762,1,0
53517,1,0
22756,0,0
75470,1,0
27896,0,0
9531,0,0
376,0,0
57519,1,0
21572,0,0
23246,0,0
63014,1,0
8449,0,0
17106,0,0
9536,0,0
22136,0,0
73983,1,0
53424,1,0
28831,0,0
59784,1,0
28659,0,0
10444,0,0
2043,0,0
23801,0,0
66152,1,0
68737,1,0
55550,1,0
23833,0,0
59177,1,0
78149,1,0
39864,0,0
41541,1,0
73904,1,0
56162,1,0
945,0,0
3499,0,0
8529,0,0
24237,0,0
63323,1,0
56606,1,0
9343,0,0
10789,0,0
40782,1,0
10258,0,0
63463,1,0
63627,1,0
53880,1,0
77924,1,0
54521,1,0
66302,1,0
2812,0,0
43665,1,0
58519,1,0
69511,1,0
55970,1,0
43333,1,0
73834,1,0
54525,1,0
43799,1,0
43352,1,0
78373,1,0
74608,1,0
41841,1,0
41804,1,0
62752,1,0
42888,1,0
77736,1,0
442,0,0
53071,1,0
25801,0,0
6931,0,0
29181,0,0
63316,1,0
77129,1,0
27859,0,0
21073,0,0
52001,1,0
61868,1,0
77374,1,0
39376,0,0
42724,1,0
29742,0,0
53371,1,0
28263,0,0
57806,1,0
3106,0,0
23888,0,0
11776,0,0
39609,0,0
61026,1,0
23778,0,0
74908,1,0
44768,1,0
69954,1,0
3318,0,0
10377,0,0
58083,1,0
382,0,0
28523,0,0
43004,1,0
65291,1,0
74627,1,0
22551,0,0
21157,0,0
1553,0,0
56160,1,0
52415,1,0
54621,1,0
73901,1,0
2434,0,0
8465,0,0
28304,0,0
10941,0,0
28920,0,0
58726,1,0
1532,0,0
55607,1,0
50821,1,0
63187,1,0
54031,1,0
65886,1,0
67030,1,0
1909,0,0
63956,1,0
51615,1,0
4705,0,0
26838,0,0
43877,1,0
23954,0,0
54603,1,0
56574,1,0
67159,1,0
55943,1,0
67788,1,0
65767,1,0
7788,0,0
65170,1,0
24428,0,0
54315,1,0
63850,1,0
63768,1,0
54932,1,0
52377,1,0
4321,0,0
78524,1,0
40418,1,0
74182,1,0
41720,1,0
62761,1,0
28385,0,0
66341,1,0
65588,1,0
65367,1,0
60860,1,0
4764,0,0
56390,1,0
8787,0,0
5542,0,0
524,0,0
21272,0,0
41430,1,0
8926,0,0
6082,0,0
65164,1,0
62992,1,0
57143,1,0
27599,0,0
1826,0,0
58210,1,0
61884,1,0
39087,0,0
22745,0,0
6451,0,0
58935,1,0
67133,1,0
26163,0,0
62379,1,0
3288,0,0
78730,1,0
65947,1,0
55546,1,0
4756,0,0
60870,1,0
67752,1,0
65227,1,0
27580,0,0
186,0,0
11527,0,0
24128,0,0
59749,1,0
4714,0,0
77296,1,0
3794,0,0
57378,1,0
54855,1,0
3432,0,0
3032,0,0
27998,0,0
8857,0,0
3816,0,0
62416,1,0
68699,1,0
56982,1,0
60456,1,0
63962,1,0
4255,0,0
7897,0,0
55912,1,0
12118,0,0
52611,1,0
51031,1,0
59092,1,0
59724,1,0
2493,0,0
28347,0,0
43676,1,0
53720,1,0
59,0,0
66775,1,0
40809,1,0
59388,1,0
17214,0,0
56022,1,0
23485,0,0
65885,1,0
8694,0,0
63068,1,0
42258,1,0
42832,1,0
1241,0,0
6068,0,0
58965,1,0
39914,0,0
3864,0,0
51330,1,0
75393,1,0
62448,1,0
23846,0,0
29437,0,0
5945,0,0
73770,1,0
8658,0,0
1766,0,0
27140,0,0
1374,0,0
10879,0,0
41187,1,0
8470,0,0
67220,1,0
39186,0,0
53423,1,0
56258,1,0
62714,1,0
53365,1,0
39387,0,0
52658,1,0
39546,0,0
4165,0,0
58136,1,0
67519,1,0
4647,0,0
21901,0,0
67052,1,0
68173,1,0
69768,1,0
40810,1,0
43123,1,0
55953,1,0
23716,0,0
41319,1,0
11585,0,0
68262,1,0
3334,0,0
51207,1,0
54644,1,0
23919,0,0
27823,0,0
10912,0,0
9992,0,0
54009,1,0
21312,0,0
62375,1,0
68391,1,0
62242,1,0
75371,1,0
77911,1,0
23622,0,0
59430,1,0
77099,1,0
28094,0,0
56420,1,0
21261,0,0
74991,1,0
28225,0,0
65174,1,0
65956,1,0
11174,0,0
51468,1,0
42843,1,0
57664,1,0
1458,0,0
8030,0,0
22763,0,0
29231,0,0
57069,1,0
25077,0,0
53314,1,0
21526,0,0
24613,0,0
2305,0,0
68214,1,0
50904,1,0
12083,0,0
69349,1,0
9650,0,0
74430,1,0
29334,0,0
29352,0,0
59500,1,0
75223,1,0
9295,0,0
29253,0,0
7787,0,0
3212,0,0
44789,1,0
6642,0,0
65044,1,0
11329,0,0
24459,0,0
57810,1,0
42612,1,0
27016,0,0
61418,1,0
53916,1,0
52509,1,0
58773,1,0
66712,1,0
74030,1,0
52704,1,0
60562,1,0
64079,1,0
69058,1,0
40700,1,0
9097,0,0
68964,1,0
39948,0,0
10460,0,0
59835,1,0
6495,0,0
67547,1,0
56522,1,0
65397,1,0
25512,0,0
39991,0,0
65795,1,0
41408,1,0
29597,0,0
23534,0,0
58762,1,0
25638,0,0
31505,0,0
2272,0,0
22521,0,0
69269,1,0
2484,0,0
66385,1,0
8206,0,0
69166,1,0
4213,0,0
21402,0,0
52626,1,0
3598,0,0
39962,0,0
74845,1,0
56641,1,0
69202,1,0
21361,0,0
58613,1,0
60909,1,0
20843,0,0
53393,1,0
23019,0,0
17242,0,0
22428,0,0
41405,1,0
11390,0,0
63030,1,0
75352,1,0
24273,0,0
23532,0,0
52047,1,0
63215,1,0
28699,0,0
21281,0,0
24380,0,0
22293,0,0
61509,1,0
21473,0,0
29024,0,0
25961,0,0
6121,0,0
56221,1,0
62370,1,0
11245,0,0
68457,1,0
59651,1,0
2414,0,0
64046,1,0
78029,1,0
64869,1,0
64817,1,0
21202,0,0
23956,0,0
22172,0,0
66333,1,0
57198,1,0
27019,0,0
9120,0,0
59687,1,0
39193,0,0
76943,1,0
72238,1,0
58741,1,0
63226,1,0
9693,0,0
11206,0,0
78465,1,0
29538,0,0
21328,0,0
69709,1,0
551,0,0
2667,0,0
43633,1,0
53901,1,0
21575,0,0
56180,1,0
51089,1,0
50640,1,0
74165,1,0
7753,0,0
24420,0,0
2894,0,0
44797,1,0
23169,0,0
25293,0,0
11845,0,0
9089,0,0
69727,1,0
52730,1,0
4384,0,0
5060,0,0
75525,1,0
53282,1,0
56623,1,0
58854,1,0
78408,1,0
43834,1,0
22253,0,0
9692,0,0
24127,0,0
207,0,0
51443,1,0
9942,0,0
52972,1,0
1014,0,0
78325,1,0
42781,1,0
26861,0,0
24805,0,0
62854,1,0
43871,1,0
77422,1,0
11677,0,0
28369,0,0
24015,0,0
3228,0,0
8825,0,0
69792,1,0
40736,1,0
1056,0,0
41920,1,0
3254,0,0
22241,0,0
22764,0,0
52787,1,0
6726,0,0
6983,0,0
10974,0,0
56116,1,0
51254,1,0
5061,0,0
62213,1,0
55686,1,0
39980,0,0
22109,0,0
29568,0,0
44047,1,0
6733,0,0
21142,0,0
77348,1,0
11686,0,0
29185,0,0
43068,1,0
17011,0,0
42166,1,0
41633,1,0
68507,1,0
1460,0,0
55011,1,0
3744,0,0
4080,0,0
2819,0,0
54365,1,0
8565,0,0
66645,1,0
54527,1,0
54643,1,0
56693,1,0
75092,1,0
51156,1,0
59988,1,0
10619,0,0
21562,0,0
22713,0,0
24739,0,0
57029,1,0
8822,0,0
41373,1,0
672,0,0
62338,1,0
29736,0,0
29487,0,0
11679,0,0
8022,0,0
77755,1,0
42037,1,0
68858,1,0
68850,1,0
3135,0,0
58514,1,0
11554,0,0
59019,1,0
52029,1,0
43824,1,0
20951,0,0
25456,0,0
55952,1,0
29959,0,0
9984,0,0
55597,1,0
68271,1,0
21951,0,0
8900,0,0
57010,1,0
55992,1,0
38486,0,0
11768,0,0
42880,1,0
28514,0,0
63034,1,0
43218,1,0
51762,1,0
24052,0,0
6970,0,0
25945,0,0
10876,0,0
77409,1,0
27333,0,0
23671,0,0
77948,1,0
63344,1,0
50673,1,0
11270,0,0
4569,0,0
69068,1,0
11263,0,0
22930,0,0
55531,1,0
74479,1,0
39482,0,0
68285,1,0
26956,0,0
43588,1,0
67310,1,0
21848,0,0
54778,1,0
23946,0,0
3983,0,0
1513,0,0
41214,1,0
22214,0,0
61978,1,0
52246,1,0
61565,1,0
58755,1,0
61956,1,0
39344,0,0
49267,1,0
22226,0,0
62690,1,0
58255,1,0
57592,1,0
3336,0,0
39718,0,0
56584,1,0
9911,0,0
69675,1,0
27691,0,0
2452,0,0
43854,1,0
8585,0,0
74008,1,0
66096,1,0
43297,1,0
41825,1,0
29103,0,0
29851,0,0
63960,1,0
77224,1,0
21158,0,0
62070,1,0
78140,1,0
3633,0,0
17029,0,0
63435,1,0
74876,1,0
54316,1,0
16923,0,0
63308,1,0
64484,1,0
61450,1,0
40914,1,0
55945,1,0
42500,1,0
3213,0,0
52948,1,0
51751,1,0
22665,0,0
41525,1,0
24556,0,0
25890,0,0
52041,1,0
65375,1,0
78775,1,0
76831,1,0
53428,1,0
21517,0,0
31765,0,0
25554,0,0
53608,1,0
9477,0,0
379,0,0
26147,0,0
74200,1,0
29441,0,0
50967,1,0
61158,1,0
23652,0,0
8725,0,0
52225,1,0
74718,1,0
55358,1,0
24499,0,0
66731,1,0
11722,0,0
78480,1,0
6417,0,0
73762,1,0
63554,1,0
3753,0,0
65816,1,0
44644,1,0
65143,1,0
64992,1,0
29756,0,0
3969,0,0
10547,0,0
51975,1,0
5557,0,0
867,0,0
28466,0,0
9505,0,0
52849,1,0
29021,0,0
67218,1,0
2809,0,0
69826,1,0
12101,0,0
11230,0,0
57517,1,0
61248,1,0
57750,1,0
20965,0,0
27775,0,0
57440,1,0
22366,0,0
2717,0,0
69801,1,0
24993,0,0
66093,1,0
55723,1,0
65049,1,0
53984,1,0
57375,1,0
64041,1,0
52519,1,0
52416,1,0
39081,0,0
43684,1,0
43713,1,0
51820,1,0
51971,1,0
1688,0,0
3320,0,0
57197,1,0
2014,0,0
66382,1,0
24769,0,0
57981,1,0
28540,0,0
57784,1,0
23368,0,0
3577,0,0
77095,1,0
66809,1,0
63185,1,0
6446,0,0
69354,1,0
43694,1,0
65103,1,0
66579,1,0
29700,0,0
69416,1,0
25309,0,0
73918,1,0
66675,1,0
27388,0,0
64611,1,0
25299,0,0
69080,1,0
65268,1,0
79194,1,0
51813,1,0
63522,1,0
39002,0,0
65783,1,0
78036,1,0
65552,1,0
10417,0,0
23683,0,0
58395,1,0
78644,1,0
64296,1,0
58946,1,0
44658,1,0
23641,0,0
63245,1,0
7771,0,0
43841,1,0
41140,1,0
77342,1,0
61882,1,0
26679,0,0
65996,1,0
75019,1,0
29999,0,0
63624,1,0
3049,0,0
65874,1,0
74188,1,0
22013,0,0
56083,1,0
67960,1,0
54589,1,0
39715,0,0
26159,0,0
61188,1,0
28436,0,0
53886,1,0
6989,0,0
39661,0,0
66923,1,0
9324,0,0
58877,1,0
4771,0,0
7800,0,0
78421,1,0
67633,1,0
24901,0,0
25091,0,0
77928,1,0
78295,1,0
20916,0,0
64291,1,0
62977,1,0
25794,0,0
29535,0,0
39428,0,0
65545,1,0
52645,1,0
54719,1,0
12035,0,0
50614,1,0
419,0,0
12185,0,0
29088,0,0
62082,1,0
39503,0,0
74102,1,0
67961,1,0
21469,0,0
69582,1,0
21228,0,0
22288,0,0
11391,0,0
42858,1,0
64722,1,0
59400,1,0
3798,0,0
8007,0,0
58707,1,0
56391,1,0
41580,1,0
50352,1,0
77860,1,0
63945,1,0
67338,1,0
40393,1,0
51981,1,0
6403,0,0
2620,0,0
57949,1,0
59074,1,0
27561,0,0
65467,1,0
42895,1,0
52774,1,0
68095,1,0
2895,0,0
51635,1,0
53392,1,0
2690,0,0
58938,1,0
8288,0,0
22300,0,0
75067,1,0
43398,1,0
9716,0,0
66402,1,0
43381,1,0
55939,1,0
27774,0,0
77859,1,0
76235,1,0
4035,0,0
22569,0,0
41586,1,0
41231,1,0
61663,1,0
1927,0,0
54412,1,0
77081,1,0
51845,1,0
56715,1,0
51693,1,0
54402,1,0
4284,0,0
76957,1,0
22084,0,0
9111,0,0
73945,1,0
64483,1,0
67304,1,0
24075,0,0
39567,0,0
9205,0,0
24307,0,0
73862,1,0
77526,1,0
23655,0,0
57476,1,0
63354,1,0
59163,1,0
59812,1,0
68864,1,0
17132,0,0
3167,0,0
1371,0,0
6022,0,0
8733,0,0
75309,1,0
61077,1,0
3596,0,0
64435,1,0
3234,0,0
7950,0,0
3612,0,0
8678,0,0
69960,1,0
1761,0,0
22012,0,0
56825,1,0
48104,1,0
4660,0,0
39823,0,0
53792,1,0
6456,0,0
57672,1,0
75294,1,0
10891,0,0
75123,1,0
58682,1,0
78171,1,0
55687,1,0
10896,0,0
75452,1,0
41897,1,0
3503,0,0
41672,1,0
53218,1,0
42539,1,0
42943,1,0
56739,1,0
59484,1,0
28745,0,0
25092,0,0
78197,1,0
75518,1,0
21889,0,0
69301,1,0
22390,0,0
53296,1,0
67280,1,0
67105,1,0
24947,0,0
25534,0,0
28285,0,0
53803,1,0
73966,1,0
53017,1,0
1563,0,0
2207,0,0
75186,1,0
2876,0,0
78183,1,0
4094,0,0
43179,1,0
57084,1,0
58580,1,0
2859,0,0
69754,1,0
69790,1,0
52993,1,0
60594,1,0
44144,1,0
41673,1,0
27718,0,0
68620,1,0
77387,1,0
59911,1,0
57138,1,0
1950,0,0
11414,0,0
23804,0,0
2122,0,0
49989,1,0
16888,0,0
22808,0,0
23472,0,0
21367,0,0
69748,1,0
9586,0,0
65898,1,0
52850,1,0
61238,1,0
57237,1,0
53329,1,0
3784,0,0
44064,1,0
23080,0,0
67339,1,0
870,0,0
79468,1,0
11857,0,0
254,0,0
51249,1,0
23258,0,0
50815,1,0
4574,0,0
3152,0,0
51872,1,0
43883,1,0
65115,1,0
61224,1,0
3630,0,0
5010,0,0
57610,1,0
77590,1,0
21231,0,0
67656,1,0
22594,0,0
8080,0,0
69390,1,0
3820,0,0
65983,1,0
74,0,0
68396,1,0
54428,1,0
78123,1,0
3260,0,0
77865,1,0
3464,0,0
41130,1,0
66413,1,0
52723,1,0
180,0,0
79689,1,0
27483,0,0
74099,1,0
65617,1,0
62144,1,0
76377,1,0
24527,0,0
55788,1,0
57669,1,0
75416,1,0
55714,1,0
43838,1,0
43036,1,0
55389,1,0
63641,1,0
50895,1,0
39279,0,0
61014,1,0
21796,0,0
40791,1,0
22210,0,0
51637,1,0
66215,1,0
43810,1,0
31766,0,0
42219,1,0
40413,1,0
4678,0,0
75233,1,0
369,0,0
79957,1,0
66877,1,0
63835,1,0
56681,1,0
67810,1,0
54318,1,0
1345,0,0
52163,1,0
22635,0,0
65183,1,0
50668,1,0
79359,1,0
12128,0,0
2531,0,0
28711,0,0
29287,0,0
75243,1,0
2288,0,0
24634,0,0
2055,0,0
45370,1,0
61588,1,0
8378,0,0
67089,1,0
53267,1,0
8866,0,0
25278,0,0
65823,1,0
67183,1,0
41333,1,0
54106,1,0
68366,1,0
74425,1,0
54842,1,0
55770,1,0
29065,0,0
6878,0,0
27594,0,0
44610,1,0
69757,1,0
68917,1,0
51599,1,0
63865,1,0
756,0,0
56806,1,0
69232,1,0
51773,1,0
39940,0,0
3232,0,0
665,0,0
2069,0,0
23265,0,0
26547,0,0
22164,0,0
6521,0,0
897,0,0
67600,1,0
41778,1,0
4743,0,0
12155,0,0
21373,0,0
25267,0,0
8904,0,0
60648,1,0
58666,1,0
10669,0,0
65284,1,0
59136,1,0
56502,1,0
21271,0,0
56054,1,0
20895,0,0
10724,0,0
3484,0,0
3991,0,0
3944,0,0
60664,1,0
54985,1,0
24103,0,0
11269,0,0
41681,1,0
77848,1,0
50711,1,0
54541,1,0
75284,1,0
29968,0,0
63432,1,0
55581,1,0
16975,0,0
9453,0,0
29448,0,0
25409,0,0
31688,0,0
41937,1,0
52819,1,0
23226,0,0
23529,0,0
62619,1,0
44035,1,0
29879,0,0
25912,0,0
52097,1,0
25229,0,0
64406,1,0
50634,1,0
78058,1,0
51430,1,0
28149,0,0
405,0,0
52487,1,0
12222,0,0
61954,1,0
65067,1,0
22275,0,0
52590,1,0
28028,0,0
42723,1,0
51542,1,0
41685,1,0
21921,0,0
4359,0,0
58534,1,0
2473,0,0
41328,1,0
29991,0,0
72245,1,0
51793,1,0
3895,0,0
27927,0,0
67504,1,0
63844,1,0
8895,0,0
42354,1,0
4078,0,0
11882,0,0
64441,1,0
54838,1,0
50549,1,0
50637,1,0
17047,0,0
78253,1,0
75273,1,0
77937,1,0
43083,1,0
66800,1,0
63385,1,0
55957,1,0
43766,1,0
11842,0,0
41144,1,0
24892,0,0
59302,1,0
9457,0,0
66885,1,0
77872,1,0
55173,1,0
63923,1,0
6149,0,0
55547,1,0
65059,1,0
6590,0,0
62231,1,0
23001,0,0
67957,1,0
65870,1,0
51094,1,0
7999,0,0
11570,0,0
22459,0,0
3017,0,0
54184,1,0
29755,0,0
56234,1,0
74009,1,0
75063,1,0
65575,1,0
25831,0,0
49521,1,0
6556,0,0
75476,1,0
63383,1,0
69127,1,0
5992,0,0
77155,1,0
25786,0,0
24139,0,0
42929,1,0
42099,1,0
9254,0,0
10967,0,0
29175,0,0
65969,1,0
27269,0,0
23450,0,0
56367,1,0
1972,0,0
55625,1,0
44835,1,0
49473,1,0
65720,1,0
73741,1,0
63753,1,0
1423,0,0
52011,1,0
77079,1,0
3273,0,0
64473,1,0
24770,0,0
61176,1,0
29430,0,0
75127,1,0
3087,0,0
3114,0,0
55873,1,0
42278,1,0
66863,1,0
28772,0,0
68150,1,0
42672,1,0
56882,1,0
61109,1,0
41282,1,0
39005,0,0
23595,0,0
50718,1,0
55108,1,0
24402,0,0
4039,0,0
11739,0,0
28841,0,0
68432,1,0
56992,1,0
54519,1,0
38497,0,0
51357,1,0
75372,1,0
39987,0,0
76978,1,0
61286,1,0
62941,1,0
41316,1,0
66436,1,0
2229,0,0
68026,1,0
50825,1,0
27977,0,0
9772,0,0
57309,1,0
58915,1,0
21229,0,0
4527,0,0
69149,1,0
42728,1,0
26105,0,0
74349,1,0
69464,1,0
65275,1,0
55949,1,0
65695,1,0
73963,1,0
27933,0,0
51974,1,0
1324,0,0
64581,1,0
54617,1,0
39238,0,0
1557,0,0
29536,0,0
41185,1,0
24421,0,0
64743,1,0
62754,1,0
28818,0,0
43775,1,0
11745,0,0
77863,1,0
27875,0,0
66625,1,0
51339,1,0
2829,0,0
61206,1,0
78691,1,0
391,0,0
42067,1,0
27756,0,0
54138,1,0
27834,0,0
59212,1,0
62386,1,0
11210,0,0
25629,0,0
53761,1,0
3443,0,0
22729,0,0
58659,1,0
61602,1,0
28358,0,0
56577,1,0
17021,0,0
61668,1,0
66443,1,0
21560,0,0
78792,1,0
42823,1,0
29250,0,0
74971,1,0
65037,1,0
661,0,0
58124,1,0
54787,1,0
66087,1,0
53912,1,0
10572,0,0
61512,1,0
61408,1,0
9633,0,0
7805,0,0
4246,0,0
10564,0,0
8718,0,0
55254,1,0
51545,1,0
9401,0,0
57696,1,0
42926,1,0
55343,1,0
22577,0,0
62700,1,0
23221,0,0
52108,1,0
78279,1,0
23378,0,0
62185,1,0
61848,1,0
68279,1,0
65691,1,0
8224,0,0
43720,1,0
3053,0,0
17025,0,0
4979,0,0
53854,1,0
63448,1,0
68946,1,0
39221,0,0
69361,1,0
52486,1,0
61288,1,0
54908,1,0
69732,1,0
6890,0,0
58260,1,0
694,0,0
6076,0,0
4429,0,0
29165,0,0
27690,0,0
277,0,0
58647,1,0
57907,1,0
53872,1,0
68412,1,0
2646,0,0
28948,0,0
9193,0,0
78680,1,0
67595,1,0
24828,0,0
41300,1,0
60545,1,0
22211,0,0
29198,0,0
54614,1,0
11490,0,0
9351,0,0
27034,0,0
22851,0,0
55485,1,0
63338,1,0
6511,0,0
64091,1,0
59579,1,0
3142,0,0
69542,1,0
39895,0,0
39295,0,0
28977,0,0
1410,0,0
75153,1,0
43892,1,0
25017,0,0
39843,0,0
78013,1,0
6367,0,0
23311,0,0
21379,0,0
65120,1,0
65834,1,0
65596,1,0
23758,0,0
2184,0,0
24245,0,0
11865,0,0
66271,1,0
2209,0,0
75120,1,0
69856,1,0
23507,0,0
24606,0,0
22348,0,0
65835,1,0
64461,1,0
65771,1,0
68786,1,0
57196,1,0
78101,1,0
41212,1,0
29891,0,0
8503,0,0
22596,0,0
2488,0,0
23767,0,0
26005,0,0
39080,0,0
3021,0,0
5042,0,0
29289,0,0
364,0,0
58989,1,0
53465,1,0
52915,1,0
44615,1,0
29945,0,0
50729,1,0
6048,0,0
4028,0,0
50953,1,0
77585,1,0
1330,0,0
63507,1,0
11177,0,0
7873,0,0
68603,1,0
62613,1,0
39270,0,0
11077,0,0
28352,0,0
1723,0,0
7720,0,0
64472,1,0
60481,1,0
26507,0,0
565,0,0
21387,0,0
28636,0,0
43679,1,0
57741,1,0
42573,1,0
9572,0,0
27389,0,0
23953,0,0
65496,1,0
26845,0,0
2556,0,0
29838,0,0
53099,1,0
41274,1,0
60659,1,0
25608,0,0
11394,0,0
61909,1,0
28761,0,0
41240,1,0
7287,0,0
6637,0,0
60665,1,0
43104,1,0
26410,0,0
53934,1,0
22695,0,0
4507,0,0
63859,1,0
59222,1,0
10927,0,0
53323,1,0
28876,0,0
22980,0,0
28843,0,0
39836,0,0
68746,1,0
6610,0,0
9437,0,0
68698,1,0
77763,1,0
3310,0,0
68202,1,0
7752,0,0
25736,0,0
643,0,0
56387,1,0
61970,1,0
64457,1,0
68833,1,0
59851,1,0
53195,1,0
28864,0,0
66063,1,0
74487,1,0
41638,1,0
62638,1,0
2697,0,0
956,0,0
57623,1,0
4852,0,0
58098,1,0
24481,0,0
11764,0,0
51552,1,0
57253,1,0
66664,1,0
21825,0,0
74679,1,0
22339,0,0
41432,1,0
3737,0,0
51900,1,0
43475,1,0
22108,0,0
64655,1,0
54705,1,0
61992,1,0
63027,1,0
8799,0,0
39993,0,0
25484,0,0
53659,1,0
54477,1,0
25729,0,0
9152,0,0
43635,1,0
51812,1,0
21173,0,0
22105,0,0
62299,1,0
69580,1,0
22971,0,0
43901,1,0
53793,1,0
77925,1,0
64429,1,0
63086,1,0
50728,1,0
3804,0,0
9936,0,0
69466,1,0
54454,1,0
78732,1,0
6341,0,0
58827,1,0
60385,1,0
69088,1,0
69606,1,0
67808,1,0
24555,0,0
25473,0,0
67593,1,0
60963,1,0
43238,1,0
58848,1,0
21485,0,0
11810,0,0
62012,1,0
57413,1,0
55881,1,0
2466,0,0
58849,1,0
63441,1,0
39931,0,0
2472,0,0
4179,0,0
10845,0,0
29652,0,0
39902,0,0
2685,0,0
7750,0,0
6475,0,0
57438,1,0
24435,0,0
77927,1,0
67779,1,0
62282,1,0
74622,1,0
69273,1,0
20823,0,0
22223,0,0
51099,1,0
74713,1,0
55621,1,0
7801,0,0
69131,1,0
8237,0,0
39898,0,0
29690,0,0
77385,1,0
65180,1,0
68093,1,0
53297,1,0
68731,1,0
27508,0,0
50760,1,0
28626,0,0
22007,0,0
74508,1,0
63659,1,0
74462,1,0
55930,1,0
66155,1,0
59709,1,0
67627,1,0
74386,1,0
29018,0,0
3507,0,0
51029,1,0
2404,0,0
74771,1,0
56644,1,0
66907,1,0
58743,1,0
22130,0,0
67345,1,0
41213,1,0
64019,1,0
20949,0,0
58173,1,0
67224,1,0
23746,0,0
22610,0,0
69471,1,0
65369,1,0
62615,1,0
27153,0,0
28563,0,0
64842,1,0
38464,0,0
55106,1,0
59158,1,0
9175,0,0
23078,0,0
29904,0,0
54423,1,0
43650,1,0
58680,1,0
24224,0,0
25488,0,0
58486,1,0
201,0,0
69796,1,0
62591,1,0
42161,1,0
65709,1,0
52239,1,0
22386,0,0
4988,0,0
25231,0,0
25843,0,0
43620,1,0
66766,1,0
27485,0,0
62027,1,0
60849,1,0
11130,0,0
4264,0,0
67477,1,0
51754,1,0
11066,0,0
60559,1,0
57550,1,0
21658,0,0
53036,1,0
52713,1,0
975,0,0
68386,1,0
24641,0,0
55579,1,0
23577,0,0
28652,0,0
43701,1,0
55641,1,0
56183,1,0
39110,0,0
66112,1,0
22362,0,0
8860,0,0
10909,0,0
54515,1,0
22377,0,0
41063,1,0
16957,0,0
56801,1,0
43357,1,0
10882,0,0
22052,0,0
27635,0,0
58747,1,0
64444,1,0
792,0,0
56003,1,0
43522,1,0
3632,0,0
23866,0,0
58914,1,0
38577,0,0
52375,1,0
59264,1,0
21056,0,0
63291,1,0
59081,1,0
63745,1,0
74521,1,0
77450,1,0
44187,1,0
67500,1,0
27802,0,0
42235,1,0
3406,0,0
8770,0,0
43632,1,0
62766,1,0
55608,1,0
77220,1,0
5013,0,0
60984,1,0
58007,1,0
52743,1,0
29553,0,0
21947,0,0
60913,1,0
9470,0,0
57656,1,0
2836,0,0
8131,0,0
58676,1,0
5959,0,0
60325,1,0
44052,1,0
24352,0,0
68745,1,0
53575,1,0
1551,0,0
42610,1,0
21939,0,0
3132,0,0
54815,1,0
77834,1,0
8316,0,0
39472,0,0
68305,1,0
53891,1,0
42716,1,0
67840,1,0
69117,1,0
24990,0,0
58010,1,0
7691,0,0
10837,0,0
63240,1,0
17117,0,0
3063,0,0
24010,0,0
68937,1,0
2689,0,0
8665,0,0
7865,0,0
66453,1,0
64620,1,0
59713,1,0
56284,1,0
73965,1,0
63698,1,0
62348,1,0
53584,1,0
64957,1,0
51151,1,0
65490,1,0
4584,0,0
400,0,0
43753,1,0
23021,0,0
28457,0,0
66184,1,0
28570,0,0
58423,1,0
78379,1,0
65466,1,0
29209,0,0
62278,1,0
16931,0,0
74480,1,0
72229,1,0
54295,1,0
41306,1,0
53556,1,0
55335,1,0
57432,1,0
3877,0,0
58302,1,0
74172,1,0
77732,1,0
22954,0,0
25755,0,0
74769,1,0
11736,0,0
77163,1,0
75446,1,0
31511,0,0
64226,1,0
40426,1,0
53935,1,0
11863,0,0
52538,1,0
57383,1,0
53356,1,0
52933,1,0
28312,0,0
9174,0,0
12139,0,0
55513,1,0
28880,0,0
65993,1,0
3852,0,0
4732,0,0
10410,0,0
42403,1,0
53039,1,0
476,0,0
25901,0,0
56366,1,0
77280,1,0
56612,1,0
22613,0,0
26930,0,0
27995,0,0
49995,1,0
59365,1,0
67616,1,0
74994,1,0
51395,1,0
51719,1,0
26821,0,0
24287,0,0
28990,0,0
68465,1,0
1328,0,0
4164,0,0
8816,0,0
1015,0,0
22242,0,0
69693,1,0
3164,0,0
24182,0,0
65383,1,0
383,0,0
8603,0,0
67942,1,0
53688,1,0
53362,1,0
62593,1,0
27071,0,0
2245,0,0
26112,0,0
42896,1,0
17059,0,0
69774,1,0
43925,1,0
74337,1,0
41721,1,0
62044,1,0
49259,1,0
39149,0,0
27582,0,0
9580,0,0
17190,0,0
77684,1,0
78832,1,0
63914,1,0
17157,0,0
50837,1,0
49876,1,0
3627,0,0
40731,1,0
74698,1,0
69877,1,0
62706,1,0
28667,0,0
59598,1,0
27575,0,0
4146,0,0
57964,1,0
53805,1,0
64093,1,0
4131,0,0
25960,0,0
9397,0,0
66518,1,0
54488,1,0
43320,1,0
58656,1,0
8532,0,0
68589,1,0
56496,1,0
3972,0,0
68012,1,0
78248,1,0
9803,0,0
29427,0,0
69771,1,0
64113,1,0
62021,1,0
52708,1,0
60943,1,0
57740,1,0
55462,1,0
546,0,0
68417,1,0
79954,1,0
6455,0,0
62830,1,0
74213,1,0
51392,1,0
65528,1,0
52129,1,0
22787,0,0
51824,1,0
3778,0,0
22789,0,0
28335,0,0
68718,1,0
1619,0,0
51606,1,0
123,0,0
2204,0,0
65277,1,0
66234,1,0
3125,0,0
63863,1,0
1679,0,0
51415,1,0
3949,0,0
78621,1,0
39776,0,0
25462,0,0
64828,1,0
77205,1,0
25222,0,0
29908,0,0
53094,1,0
23132,0,0
9594,0,0
39859,0,0
52541,1,0
55202,1,0
9124,0,0
28398,0,0
66739,1,0
23590,0,0
25881,0,0
41742,1,0
66130,1,0
65530,1,0
21298,0,0
54003,1,0
53654,1,0
22437,0,0
11798,0,0
54417,1,0
53802,1,0
22838,0,0
39995,0,0
52475,1,0
28749,0,0
62779,1,0
68710,1,0
40881,1,0
22446,0,0
55798,1,0
11509,0,0
66882,1,0
66452,1,0
78677,1,0
39281,0,0
12176,0,0
27640,0,0
51433,1,0
4104,0,0
75329,1,0
52520,1,0
68538,1,0
21123,0,0
28706,0,0
39360,0,0
55996,1,0
67787,1,0
23828,0,0
9838,0,0
29502,0,0
42960,1,0
52254,1,0
22002,0,0
69043,1,0
55620,1,0
62013,1,0
22810,0,0
60355,1,0
9547,0,0
69759,1,0
6937,0,0
10629,0,0
78542,1,0
1267,0,0
62426,1,0
59194,1,0
74570,1,0
54667,1,0
27739,0,0
6084,0,0
57935,1,0
67859,1,0
73864,1,0
69011,1,0
69769,1,0
4175,0,0
59094,1,0
29355,0,0
29946,0,0
11821,0,0
57320,1,0
24256,0,0
20972,0,0
28499,0,0
24295,0,0
4742,0,0
56311,1,0
56628,1,0
66014,1,0
67112,1,0
7302,0,0
2522,0,0
75201,1,0
52450,1,0
12001,0,0
21221,0,0
62527,1,0
41705,1,0
54820,1,0
58526,1,0
74231,1,0
8105,0,0
56323,1,0
64638,1,0
43220,1,0
50559,1,0
78258,1,0
61284,1,0
8552,0,0
22567,0,0
58544,1,0
25571,0,0
12062,0,0
77713,1,0
26172,0,0
28871,0,0
59354,1,0
52853,1,0
3871,0,0
54335,1,0
50784,1,0
2240,0,0
44154,1,0
23309,0,0
55446,1,0
53402,1,0
44153,1,0
49821,1,0
76970,1,0
39796,0,0
28198,0,0
68854,1,0
53614,1,0
61074,1,0
655,0,0
16890,0,0
7053,0,0
28696,0,0
52341,1,0
2002,0,0
23089,0,0
3811,0,0
2269,0,0
69372,1,0
68155,1,0
51302,1,0
42695,1,0
143,0,0
60701,1,0
51429,1,0
43806,1,0
69935,1,0
65600,1,0
29375,0,0
22335,0,0
73089,1,0
39219,0,0
56033,1,0
66585,1,0
1622,0,0
61048,1,0
42164,1,0
65263,1,0
711,0,0
4306,0,0
25876,0,0
11855,0,0
25196,0,0
67491,1,0
74963,1,0
51190,1,0
51945,1,0
16908,0,0
77388,1,0
64919,1,0
2065,0,0
78617,1,0
23690,0,0
60604,1,0
22744,0,0
5973,0,0
1443,0,0
6037,0,0
11344,0,0
61239,1,0
60902,1,0
21411,0,0
2255,0,0
69153,1,0
62019,1,0
3597,0,0
58348,1,0
29741,0,0
163,0,0
103,0,0
57941,1,0
22480,0,0
64440,1,0
65683,1,0
43107,1,0
53135,1,0
59167,1,0
51456,1,0
59623,1,0
69059,1,0
54322,1,0
3722,0,0
39336,0,0
69181,1,0
66237,1,0
29008,0,0
69659,1,0
77057,1,0
65279,1,0
40686,1,0
2500,0,0
69641,1,0
63198,1,0
9860,0,0
56207,1,0
42364,1,0
39268,0,0
61484,1,0
8217,0,0
1974,0,0
58521,1,0
1018,0,0
22190,0,0
78363,1,0
11626,0,0
52962,1,0
63351,1,0
73061,1,0
65734,1,0
73801,1,0
22258,0,0
75336,1,0
28832,0,0
29435,0,0
67480,1,0
42600,1,0
54748,1,0
27885,0,0
56604,1,0
66953,1,0
6555,0,0
75459,1,0
63769,1,0
1257,0,0
26372,0,0
44124,1,0
68660,1,0
9973,0,0
24611,0,0
51619,1,0
25133,0,0
54069,1,0
64822,1,0
74312,1,0
9021,0,0
1700,0,0
6987,0,0
60779,1,0
54899,1,0
53527,1,0
24897,0,0
9953,0,0
41545,1,0
23948,0,0
4880,0,0
3665,0,0
4575,0,0
59985,1,0
25041,0,0
77643,1,0
51036,1,0
4763,0,0
29876,0,0
62505,1,0
64380,1,0
4451,0,0
66210,1,0
59085,1,0
21941,0,0
303,0,0
6978,0,0
62374,1,0
6547,0,0
23604,0,0
11980,0,0
62470,1,0
53376,1,0
58899,1,0
27592,0,0
7782,0,0
28942,0,0
4340,0,0
54588,1,0
39627,0,0
53289,1,0
4413,0,0
59511,1,0
8949,0,0
61641,1,0
10688,0,0
54468,1,0
56096,1,0
41728,1,0
42634,1,0
63932,1,0
57146,1,0
42428,1,0
9487,0,0
50890,1,0
59504,1,0
66561,1,0
62153,1,0
2568,0,0
57842,1,0
27402,0,0
41611,1,0
9508,0,0
65570,1,0
63780,1,0
78460,1,0
43191,1,0
21118,0,0
8883,0,0
24317,0,0
68947,1,0
8960,0,0
24379,0,0
61934,1,0
54030,1,0
66978,1,0
10509,0,0
4066,0,0
24451,0,0
41583,1,0
26191,0,0
21021,0,0
55809,1,0
39994,0,0
76964,1,0
56047,1,0
66827,1,0
8915,0,0
69095,1,0
53557,1,0
6571,0,0
60894,1,0
22666,0,0
66750,1,0
51670,1,0
64094,1,0
22237,0,0
53560,1,0
11199,0,0
11343,0,0
42106,1,0
55450,1,0
74379,1,0
25958,0,0
27804,0,0
9861,0,0
53927,1,0
7937,0,0
1713,0,0
41949,1,0
54271,1,0
73821,1,0
25143,0,0
49838,1,0
57594,1,0
50823,1,0
69249,1,0
75070,1,0
28866,0,0
74097,1,0
9248,0,0
24222,0,0
11247,0,0
52942,1,0
6914,0,0
11362,0,0
25789,0,0
739,0,0
10823,0,0
68034,1,0
53838,1,0
62060,1,0
21310,0,0
55510,1,0
52321,1,0
55825,1,0
66912,1,0
59592,1,0
77660,1,0
61123,1,0
26395,0,0
40749,1,0
62218,1,0
50684,1,0
67075,1,0
67836,1,0
77272,1,0
79341,1,0
55781,1,0
57481,1,0
41540,1,0
69517,1,0
53095,1,0
10484,0,0
42376,1,0
41494,1,0
52367,1,0
57752,1,0
61893,1,0
60556,1,0
21468,0,0
77700,1,0
21612,0,0
59931,1,0
41487,1,0
53176,1,0
27597,0,0
41616,1,0
57409,1,0
43662,1,0
58079,1,0
22248,0,0
11940,0,0
68468,1,0
58119,1,0
4773,0,0
62384,1,0
53367,1,0
25864,0,0
49865,1,0
25623,0,0
52794,1,0
56525,1,0
42517,1,0
21187,0,0
54493,1,0
64605,1,0
62981,1,0
9790,0,0
11749,0,0
50877,1,0
64977,1,0
41669,1,0
74065,1,0
17208,0,0
24088,0,0
21273,0,0
68243,1,0
21034,0,0
11766,0,0
66308,1,0
322,0,0
26465,0,0
57072,1,0
10687,0,0
67207,1,0
42279,1,0
43234,1,0
7301,0,0
23350,0,0
27412,0,0
62689,1,0
39414,0,0
29981,0,0
60479,1,0
53538,1,0
41860,1,0
43878,1,0
11908,0,0
78554,1,0
62497,1,0
28329,0,0
66688,1,0
66017,1,0
25131,0,0
61831,1,0
29893,0,0
9777,0,0
52560,1,0
25894,0,0
74916,1,0
9640,0,0
53147,1,0
11638,0,0
64379,1,0
2374,0,0
51370,1,0
63438,1,0
44862,1,0
69531,1,0
59699,1,0
61713,1,0
2943,0,0
53478,1,0
52331,1,0
2022,0,0
77518,1,0
73896,1,0
8245,0,0
54772,1,0
9530,0,0
77689,1,0
51001,1,0
697,0,0
53840,1,0
8717,0,0
77699,1,0
27050,0,0
63332,1,0
38939,0,0
25261,0,0
68494,1,0
8335,0,0
55248,1,0
1270,0,0
39539,0,0
28167,0,0
6090,0,0
10779,0,0
62976,1,0
63690,1,0
69822,1,0
56204,1,0
1468,0,0
61683,1,0
6719,0,0
28129,0,0
78299,1,0
55537,1,0
60520,1,0
51664,1,0
7162,0,0
4711,0,0
22734,0,0
41204,1,0
23886,0,0
11013,0,0
66262,1,0
10483,0,0
3091,0,0
25384,0,0
77338,1,0
69553,1,0
64403,1,0
58429,1,0
936,0,0
42257,1,0
751,0,0
69443,1,0
11143,0,0
20856,0,0
69271,1,0
64701,1,0
27951,0,0
4989,0,0
75268,1,0
66349,1,0
39644,0,0
3671,0,0
44180,1,0
21865,0,0
58043,1,0
10911,0,0
41529,1,0
11204,0,0
1009,0,0
23763,0,0
24238,0,0
24651,0,0
62642,1,0
6489,0,0
22146,0,0
24452,0,0
28623,0,0
51188,1,0
39306,0,0
63679,1,0
68436,1,0
23428,0,0
10969,0,0
8891,0,0
64827,1,0
40865,1,0
10723,0,0
51069,1,0
2470,0,0
41278,1,0
52499,1,0
69795,1,0
69229,1,0
68629,1,0
60738,1,0
9410,0,0
41679,1,0
75250,1,0
43404,1,0
4128,0,0
58710,1,0
62383,1,0
69139,1,0
21535,0,0
56154,1,0
57844,1,0
6880,0,0
78611,1,0
63196,1,0
11017,0,0
55459,1,0
39657,0,0
6759,0,0
10621,0,0
74509,1,0
54237,1,0
7005,0,0
5518,0,0
57969,1,0
78301,1,0
1338,0,0
24235,0,0
21926,0,0
21580,0,0
66183,1,0
44173,1,0
59510,1,0
4916,0,0
75028,1,0
60876,1,0
59904,1,0
53920,1,0
421,0,0
52307,1,0
3271,0,0
8114,0,0
21845,0,0
60663,1,0
26526,0,0
412,0,0
74437,1,0
8041,0,0
1577,0,0
7828,0,0
60774,1,0
53925,1,0
21864,0,0
50566,1,0
8655,0,0
2138,0,0
29451,0,0
65935,1,0
74741,1,0
42608,1,0
75523,1,0
27526,0,0
75287,1,0
54992,1,0
24070,0,0
11672,0,0
78666,1,0
63035,1,0
41260,1,0
22321,0,0
57655,1,0
23237,0,0
60561,1,0
21292,0,0
58415,1,0
64416,1,0
255,0,0
62072,1,0
74122,1,0
4931,0,0
17095,0,0
6753,0,0
27578,0,0
52670,1,0
52221,1,0
67732,1,0
4621,0,0
43758,1,0
21596,0,0
51582,1,0
57129,1,0
63776,1,0
24351,0,0
66791,1,0
22827,0,0
78353,1,0
75310,1,0
10458,0,0
9226,0,0
22094,0,0
56902,1,0
66156,1,0
52751,1,0
67199,1,0
22308,0,0
27292,0,0
3839,0,0
60546,1,0
59717,1,0
8928,0,0
8063,0,0
9507,0,0
69440,1,0
22085,0,0
42490,1,0
26043,0,0
23539,0,0
16893,0,0
77475,1,0
54949,1,0
22575,0,0
42124,1,0
634,0,0
54213,1,0
28986,0,0
28438,0,0
67100,1,0
9722,0,0
43498,1,0
11577,0,0
77851,1,0
4833,0,0
63777,1,0
64538,1,0
2453,0,0
4198,0,0
75258,1,0
57140,1,0
43002,1,0
74706,1,0
3036,0,0
51078,1,0
58614,1,0
63239,1,0
179,0,0
29982,0,0
7175,0,0
21294,0,0
42523,1,0
60538,1,0
73780,1,0
53764,1,0
66309,1,0
77211,1,0
6122,0,0
27020,0,0
64573,1,0
11053,0,0
65737,1,0
11643,0,0
11592,0,0
56439,1,0
8301,0,0
59276,1,0
1539,0,0
51012,1,0
60839,1,0
22107,0,0
3078,0,0
62103,1,0
24017,0,0
50940,1,0
22087,0,0
29003,0,0
77741,1,0
53058,1,0
26026,0,0
65129,1,0
24002,0,0
7790,0,0
22544,0,0
39522,0,0
27727,0,0
59649,1,0
50726,1,0
29614,0,0
56246,1,0
51570,1,0
3856,0,0
3061,0,0
3688,0,0
65182,1,0
75051,1,0
69437,1,0
68434,1,0
62017,1,0
62220,1,0
883,0,0
28363,0,0
52227,1,0
23327,0,0
42643,1,0
58497,1,0
58639,1,0
69168,1,0
39521,0,0
59451,1,0
23308,0,0
11909,0,0
6618,0,0
58750,1,0
62603,1,0
74650,1,0
42335,1,0
2108,0,0
62210,1,0
4047,0,0
23792,0,0
68119,1,0
8368,0,0
26220,0,0
22568,0,0
53976,1,0
68407,1,0
42327,1,0
3108,0,0
62409,1,0
55603,1,0
77454,1,0
41643,1,0
54238,1,0
53973,1,0
8674,0,0
20844,0,0
42170,1,0
8876,0,0
24750,0,0
8341,0,0
4681,0,0
56802,1,0
8702,0,0
53892,1,0
58675,1,0
44065,1,0
74138,1,0
29174,0,0
54583,1,0
55532,1,0
8220,0,0
74927,1,0
11862,0,0
42115,1,0
53638,1,0
60953,1,0
51781,1,0
20876,0,0
57061,1,0
43431,1,0
4874,0,0
23740,0,0
69062,1,0
77889,1,0
54050,1,0
27165,0,0
42481,1,0
2994,0,0
78490,1,0
77393,1,0
41272,1,0
55893,1,0
29074,0,0
70148,1,0
50677,1,0
23128,0,0
25179,0,0
50631,1,0
54333,1,0
9092,0,0
67354,1,0
10712,0,0
75406,1,0
54113,1,0
24315,0,0
28685,0,0
2270,0,0
9230,0,0
78548,1,0
58240,1,0
20399,0,0
23890,0,0
66816,1,0
64535,1,0
67145,1,0
62318,1,0
53264,1,0
10993,0,0
29275,0,0
24952,0,0
54068,1,0
58259,1,0
24004,0,0
55453,1,0
9824,0,0
67877,1,0
8500,0,0
3508,0,0
4639,0,0
2966,0,0
51059,1,0
11641,0,0
23556,0,0
68276,1,0
501,0,0
44188,1,0
68343,1,0
41239,1,0
63653,1,0
56378,1,0
2719,0,0
8310,0,0
27104,0,0
60845,1,0
1258,0,0
9461,0,0
62159,1,0
4259,0,0
65196,1,0
75024,1,0
56472,1,0
21098,0,0
5955,0,0
78439,1,0
8982,0,0
58163,1,0
51144,1,0
55915,1,0
39578,0,0
9999,0,0
28998,0,0
66172,1,0
56456,1,0
58831,1,0
68192,1,0
29090,0,0
29853,0,0
2720,0,0
23278,0,0
52996,1,0
61276,1,0
53052,1,0
68471,1,0
4245,0,0
28941,0,0
12156,0,0
51510,1,0
8614,0,0
54740,1,0
39684,0,0
229,0,0
57926,1,0
64468,1,0
55736,1,0
4766,0,0
38935,0,0
57108,1,0
54819,1,0
62047,1,0
126,0,0
22187,0,0
51590,1,0
42120,1,0
79711,1,0
66565,1,0
74209,1,0
494,0,0
61452,1,0
29500,0,0
78086,1,0
17205,0,0
59259,1,0
58920,1,0
781,0,0
52529,1,0
58930,1,0
66324,1,0
6000,0,0
59256,1,0
22234,0,0
59522,1,0
29123,0,0
27524,0,0
27299,0,0
25908,0,0
42109,1,0
11856,0,0
68137,1,0
42248,1,0
3583,0,0
58373,1,0
3382,0,0
78533,1,0
12014,0,0
52633,1,0
3608,0,0
44664,1,0
38934,0,0
6652,0,0
78174,1,0
29388,0,0
9592,0,0
41255,1,0
8432,0,0
44942,1,0
67059,1,0
17213,0,0
58687,1,0
67594,1,0
52167,1,0
9620,0,0
54901,1,0
24697,0,0
3133,0,0
67482,1,0
74157,1,0
43198,1,0
21815,0,0
2573,0,0
62093,1,0
73759,1,0
56146,1,0
7732,0,0
77394,1,0
25798,0,0
58678,1,0
42065,1,0
68675,1,0
28388,0,0
24115,0,0
1050,0,0
67071,1,0
68287,1,0
54378,1,0
66550,1,0
65431,1,0
2890,0,0
4229,0,0
24455,0,0
1337,0,0
61135,1,0
2480,0,0
64056,1,0
65525,1,0
57491,1,0
78754,1,0
38467,0,0
23386,0,0
11979,0,0
74928,1,0
42238,1,0
75355,1,0
59806,1,0
8605,0,0
27067,0,0
26382,0,0
44215,1,0
29964,0,0
2808,0,0
61708,1,0
25242,0,0
24114,0,0
28664,0,0
41665,1,0
69460,1,0
24313,0,0
55047,1,0
26088,0,0
182,0,0
552,0,0
56276,1,0
6032,0,0
65908,1,0
53810,1,0
64594,1,0
8632,0,0
68518,1,0
74733,1,0
928,0,0
73871,1,0
43308,1,0
41427,1,0
66768,1,0
16960,0,0
16863,0,0
43348,1,0
22714,0,0
55512,1,0
62441,1,0
64609,1,0
78307,1,0
67728,1,0
27075,0,0
2176,0,0
9240,0,0
53226,1,0
6898,0,0
75385,1,0
69755,1,0
977,0,0
39020,0,0
55473,1,0
39160,0,0
29902,0,0
69904,1,0
52135,1,0
786,0,0
39442,0,0
16899,0,0
29602,0,0
773,0,0
59032,1,0
61542,1,0
51083,1,0
21506,0,0
53066,1,0
69463,1,0
66233,1,0
6778,0,0
75185,1,0
53419,1,0
7921,0,0
26799,0,0
55379,1,0
69729,1,0
41662,1,0
56896,1,0
3537,0,0
9767,0,0
56528,1,0
24629,0,0
74472,1,0
51183,1,0
74362,1,0
2696,0,0
28336,0,0
67919,1,0
77046,1,0
27431,0,0
64058,1,0
67541,1,0
22320,0,0
21305,0,0
28132,0,0
64286,1,0
7930,0,0
1690,0,0
6725,0,0
55846,1,0
74466,1,0
11968,0,0
52364,1,0
68871,1,0
28918,0,0
64571,1,0
3588,0,0
29773,0,0
21072,0,0
43809,1,0
63112,1,0
27048,0,0
65873,1,0
9851,0,0
2044,0,0
24851,0,0
8313,0,0
77497,1,0
55077,1,0
10949,0,0
64704,1,0
54771,1,0
44651,1,0
42411,1,0
54933,1,0
69340,1,0
74952,1,0
43432,1,0
25253,0,0
11957,0,0
2142,0,0
67895,1,0
77186,1,0
2217,0,0
53128,1,0
42360,1,0
63488,1,0
74553,1,0
77907,1,0
39128,0,0
27398,0,0
24587,0,0
58456,1,0
61283,1,0
9612,0,0
664,0,0
9361,0,0
58353,1,0
1226,0,0
54856,1,0
25743,0,0
4011,0,0
23306,0,0
77582,1,0
67073,1,0
510,0,0
28549,0,0
11137,0,0
59752,1,0
65919,1,0
68976,1,0
40846,1,0
69677,1,0
60962,1,0
77758,1,0
64681,1,0
39901,0,0
24021,0,0
50942,1,0
25304,0,0
51348,1,0
77213,1,0
25624,0,0
39851,0,0
42055,1,0
719,0,0
8727,0,0
24554,0,0
69064,1,0
28752,0,0
29414,0,0
77983,1,0
27090,0,0
43911,1,0
60353,1,0
74666,1,0
8318,0,0
64497,1,0
78580,1,0
52379,1,0
28625,0,0
41497,1,0
21064,0,0
22981,0,0
68342,1,0
22888,0,0
53956,1,0
73942,1,0
3369,0,0
22102,0,0
7973,0,0
61967,1,0
25039,0,0
58431,1,0
21701,0,0
28252,0,0
59936,1,0
69137,1,0
60869,1,0
24665,0,0
3957,0,0
8812,0,0
60741,1,0
61179,1,0
7030,0,0
4545,0,0
78562,1,0
65977,1,0
40803,1,0
43003,1,0
56555,1,0
49982,1,0
41988,1,0
10392,0,0
58408,1,0
58290,1,0
42266,1,0
63213,1,0
7680,0,0
64433,1,0
74546,1,0
29592,0,0
66896,1,0
63454,1,0
4738,0,0
51757,1,0
68916,1,0
52928,1,0
27141,0,0
26940,0,0
21049,0,0
26814,0,0
24863,0,0
55671,1,0
62244,1,0
51209,1,0
24329,0,0
55212,1,0
26964,0,0
42587,1,0
68390,1,0
56237,1,0
56484,1,0
23442,0,0
8596,0,0
57265,1,0
58485,1,0
942,0,0
74418,1,0
74404,1,0
50766,1,0
78311,1,0
77562,1,0
6016,0,0
65441,1,0
54411,1,0
4576,0,0
8943,0,0
23280,0,0
144,0,0
4539,0,0
53361,1,0
51661,1,0
38496,0,0
41585,1,0
78540,1,0
58308,1,0
63500,1,0
27607,0,0
9862,0,0
51446,1,0
2671,0,0
2846,0,0
12068,0,0
56152,1,0
64787,1,0
53121,1,0
65308,1,0
21099,0,0
44023,1,0
63340,1,0
2948,0,0
57285,1,0
39659,0,0
22141,0,0
480,0,0
55140,1,0
52263,1,0
25193,0,0
23545,0,0
3501,0,0
2487,0,0
39326,0,0
69496,1,0
28792,0,0
6035,0,0
21159,0,0
23254,0,0
66987,1,0
53384,1,0
59438,1,0
68551,1,0
24361,0,0
64458,1,0
77678,1,0
61891,1,0
59339,1,0
74429,1,0
60885,1,0
27748,0,0
62182,1,0
25015,0,0
58641,1,0
25580,0,0
73745,1,0
69388,1,0
62330,1,0
60616,1,0
888,0,0
52788,1,0
68903,1,0
41608,1,0
77370,1,0
62449,1,0
22177,0,0
51363,1,0
55258,1,0
65134,1,0
22676,0,0
75304,1,0
7084,0,0
41393,1,0
51264,1,0
52188,1,0
11002,0,0
24357,0,0
29815,0,0
7164,0,0
63800,1,0
65539,1,0
54785,1,0
26185,0,0
74016,1,0
76972,1,0
11596,0,0
56212,1,0
68803,1,0
57222,1,0
7282,0,0
21645,0,0
54955,1,0
42769,1,0
62493,1,0
63573,1,0
29632,0,0
56898,1,0
9344,0,0
62589,1,0
9532,0,0
4119,0,0
27314,0,0
43140,1,0
64018,1,0
63241,1,0
53214,1,0
9422,0,0
6087,0,0
59195,1,0
56977,1,0
65745,1,0
8697,0,0
52242,1,0
42023,1,0
64664,1,0
74705,1,0
7163,0,0
42260,1,0
9747,0,0
53694,1,0
67408,1,0
56065,1,0
39276,0,0
69830,1,0
54878,1,0
11142,0,0
17081,0,0
26390,0,0
75283,1,0
63955,1,0
57434,1,0
57985,1,0
49525,1,0
68345,1,0
2432,0,0
23130,0,0
61240,1,0
24413,0,0
74891,1,0
54601,1,0
77076,1,0
69280,1,0
121,0,0
57865,1,0
61454,1,0
41736,1,0
62900,1,0
50926,1,0
58889,1,0
51175,1,0
58063,1,0
58872,1,0
51135,1,0
7974,0,0
27450,0,0
53889,1,0
67272,1,0
66330,1,0
69243,1,0
23048,0,0
58721,1,0
28683,0,0
2297,0,0
51805,1,0
39588,0,0
21676,0,0
9173,0,0
65742,1,0
8757,0,0
54264,1,0
42418,1,0
23384,0,0
10356,0,0
77210,1,0
52947,1,0
63092,1,0
54025,1,0
55805,1,0
3414,0,0
21912,0,0
75078,1,0
4564,0,0
1603,0,0
8830,0,0
21377,0,0
22038,0,0
575,0,0
55412,1,0
42665,1,0
1007,0,0
9006,0,0
42966,1,0
55303,1,0
8564,0,0
53180,1,0
52772,1,0
59516,1,0
42078,1,0
16925,0,0
58543,1,0
51354,1,0
69707,1,0
68477,1,0
4412,0,0
28232,0,0
65554,1,0
41236,1,0
56709,1,0
9816,0,0
57448,1,0
66994,1,0
61659,1,0
795,0,0
26158,0,0
53020,1,0
67284,1,0
50789,1,0
11627,0,0
66814,1,0
68133,1,0
69241,1,0
25918,0,0
54273,1,0
53462,1,0
613,0,0
52679,1,0
63254,1,0
57014,1,0
64912,1,0
68634,1,0
43386,1,0
23495,0,0
68941,1,0
6574,0,0
4142,0,0
73865,1,0
55478,1,0
52717,1,0
12077,0,0
3515,0,0
24506,0,0
28615,0,0
54236,1,0
66284,1,0
28056,0,0
74223,1,0
10872,0,0
58809,1,0
66509,1,0
59881,1,0
52301,1,0
56138,1,0
41147,1,0
64856,1,0
24874,0,0
53315,1,0
27444,0,0
65236,1,0
68925,1,0
62068,1,0
21674,0,0
29860,0,0
6551,0,0
77066,1,0
66293,1,0
54902,1,0
54396,1,0
54543,1,0
67584,1,0
24186,0,0
41976,1,0
65281,1,0
67672,1,0
69962,1,0
3800,0,0
65456,1,0
55518,1,0
63542,1,0
4422,0,0
23268,0,0
51327,1,0
23064,0,0
2087,0,0
4842,0,0
8489,0,0
69978,1,0
6679,0,0
29603,0,0
12074,0,0
67669,1,0
27882,0,0
3130,0,0
2924,0,0
22643,0,0
67141,1,0
68887,1,0
3729,0,0
56667,1,0
28926,0,0
61639,1,0
56051,1,0
40733,1,0
77377,1,0
474,0,0
8388,0,0
66510,1,0
44115,1,0
75128,1,0
52366,1,0
27335,0,0
689,0,0
67003,1,0
54876,1,0
51837,1,0
62171,1,0
76936,1,0
63367,1,0
25410,0,0
65837,1,0
69958,1,0
56141,1,0
2191,0,0
22199,0,0
27968,0,0
56113,1,0
27807,0,0
62572,1,0
58194,1,0
21622,0,0
53700,1,0
1596,0,0
59801,1,0
49447,1,0
3941,0,0
44725,1,0
60895,1,0
50824,1,0
43417,1,0
64385,1,0
61029,1,0
51352,1,0
67901,1,0
25539,0,0
62460,1,0
43275,1,0
25361,0,0
43383,1,0
5963,0,0
10559,0,0
23583,0,0
56948,1,0
55425,1,0
970,0,0
78145,1,0
56679,1,0
44216,1,0
56343,1,0
67342,1,0
27226,0,0
4025,0,0
27519,0,0
42990,1,0
2866,0,0
78676,1,0
52018,1,0
68461,1,0
50956,1,0
11730,0,0
64936,1,0
73921,1,0
25400,0,0
2670,0,0
62924,1,0
49926,1,0
61025,1,0
62162,1,0
28799,0,0
23186,0,0
7682,0,0
42745,1,0
53947,1,0
56260,1,0
39250,0,0
53485,1,0
61018,1,0
10989,0,0
39324,0,0
69016,1,0
53184,1,0
41919,1,0
23827,0,0
52859,1,0
68289,1,0
9390,0,0
28461,0,0
39749,0,0
74095,1,0
78259,1,0
50616,1,0
52863,1,0
61922,1,0
20917,0,0
12184,0,0
8423,0,0
24618,0,0
77200,1,0
25230,0,0
2238,0,0
56823,1,0
6088,0,0
7843,0,0
9809,0,0
964,0,0
20825,0,0
60954,1,0
63197,1,0
62651,1,0
7922,0,0
52767,1,0
69634,1,0
22825,0,0
56727,1,0
22139,0,0
66375,1,0
21365,0,0
7015,0,0
8303,0,0
55367,1,0
52549,1,0
62803,1,0
61057,1,0
27747,0,0
69195,1,0
52347,1,0
40711,1,0
42371,1,0
51876,1,0
39534,0,0
57358,1,0
53532,1,0
3191,0,0
58842,1,0
43750,1,0
58487,1,0
42741,1,0
43780,1,0
68495,1,0
8792,0,0
52469,1,0
7948,0,0
52077,1,0
5546,0,0
2018,0,0
23736,0,0
21842,0,0
59421,1,0
49222,1,0
202,0,0
74432,1,0
59979,1,0
69897,1,0
66528,1,0
23340,0,0
24458,0,0
40845,1,0
211,0,0
1881,0,0
22997,0,0
1928,0,0
74119,1,0
28952,0,0
61880,1,0
68253,1,0
41396,1,0
20832,0,0
20400,0,0
4887,0,0
78059,1,0
62849,1,0
74022,1,0
8687,0,0
43846,1,0
29036,0,0
49866,1,0
56581,1,0
66621,1,0
77806,1,0
77844,1,0
5016,0,0
7852,0,0
77910,1,0
4953,0,0
77902,1,0
27765,0,0
6464,0,0
61221,1,0
76138,1,0
23527,0,0
11331,0,0
840,0,0
3652,0,0
8760,0,0
24109,0,0
62184,1,0
11581,0,0
53998,1,0
56579,1,0
25177,0,0
54684,1,0
77538,1,0
55565,1,0
65454,1,0
9901,0,0
42890,1,0
418,0,0
58990,1,0
52445,1,0
42629,1,0
53322,1,0
50990,1,0
22402,0,0
2764,0,0
23239,0,0
11055,0,0
27317,0,0
42994,1,0
25559,0,0
59630,1,0
113,0,0
8084,0,0
60757,1,0
57624,1,0
42107,1,0
22473,0,0
3398,0,0
28884,0,0
21432,0,0
54450,1,0
50509,1,0
22512,0,0
56354,1,0
9210,0,0
66082,1,0
65179,1,0
25521,0,0
56666,1,0
9232,0,0
40367,1,0
61584,1,0
353,0,0
17267,0,0
21854,0,0
52168,1,0
4186,0,0
50802,1,0
68346,1,0
23398,0,0
57937,1,0
75354,1,0
61919,1,0
11035,0,0
42849,1,0
7112,0,0
57742,1,0
67241,1,0
63796,1,0
4453,0,0
9787,0,0
69300,1,0
43952,1,0
40851,1,0
22946,0,0
66533,1,0
59113,1,0
68425,1,0
21886,0,0
26984,0,0
23853,0,0
3622,0,0
69446,1,0
56429,1,0
28326,0,0
63287,1,0
42908,1,0
43087,1,0
10650,0,0
59403,1,0
74594,1,0
477,0,0
55383,1,0
4017,0,0
51332,1,0
43587,1,0
26499,0,0
42565,1,0
52368,1,0
6624,0,0
66875,1,0
67893,1,0
55928,1,0
46027,1,0
52756,1,0
51794,1,0
74579,1,0
5971,0,0
61129,1,0
25654,0,0
41882,1,0
51677,1,0
8108,0,0
42541,1,0
2627,0,0
63259,1,0
10618,0,0
58372,1,0
27716,0,0
52699,1,0
77823,1,0
78740,1,0
65384,1,0
61692,1,0
8740,0,0
9781,0,0
27162,0,0
7004,0,0
39440,0,0
57726,1,0
56203,1,0
26064,0,0
39564,0,0
69081,1,0
42970,1,0
